"","Date","location","key","value","month"
"1",2017-12-23,"Mushima (Old port)","RP",5.72696837251905,12
"2",2017-12-23,"Mushima (New port)","RP",15.8999154548656,12
"3",2017-12-24,"Mushima (Old port)","RP",4.73404406066613,12
"4",2017-12-24,"Mushima (New port)","RP",5.74075736892781,12
"5",2017-12-25,"Mushima (Old port)","RP",10.8158330738179,12
"6",2017-12-25,"Mushima (New port)","RP",7.87135739003294,12
"7",2017-12-26,"Mushima (Old port)","RP",4.90083540107428,12
"8",2017-12-26,"Mushima (New port)","RP",5.56832899153706,12
"9",2017-12-27,"Mushima (Old port)","RP",8.4422154743216,12
"10",2017-12-27,"Mushima (New port)","RP",9.64974537526048,12
"11",2017-12-28,"Mushima (Old port)","RP",11.8838843373674,12
"12",2017-12-28,"Mushima (New port)","RP",10.3409272267224,12
"13",2017-12-29,"Mushima (Old port)","RP",9.41174238426971,12
"14",2017-12-29,"Mushima (New port)","RP",11.0932757394303,12
"15",2017-12-30,"Mushima (Old port)","RP",3.89119778110063,12
"16",2017-12-30,"Mushima (New port)","RP",5.28612337293453,12
"17",2017-12-31,"Mushima (Old port)","RP",10.4894358378118,12
"18",2017-12-31,"Mushima (New port)","RP",5.53267527354119,12
"19",2018-01-01,"Mushima (Old port)","RP",11.0257695901894,1
"20",2018-01-01,"Mushima (New port)","RP",16.3200060272644,1
"21",2018-01-02,"Mushima (Old port)","RP",8.38760174910231,1
"22",2018-01-02,"Mushima (New port)","RP",14.0085118427495,1
"23",2018-01-03,"Mushima (Old port)","RP",7.96774207085748,1
"24",2018-01-03,"Mushima (New port)","RP",12.7399966415341,1
"25",2018-01-04,"Mushima (Old port)","RP",7.54686728629566,1
"26",2018-01-04,"Mushima (New port)","RP",12.8077207588847,1
"27",2018-01-05,"Mushima (Old port)","RP",5.8856867380267,1
"28",2018-01-05,"Mushima (New port)","RP",8.64122927517482,1
"29",2018-01-06,"Mushima (Old port)","RP",7.3509873096127,1
"30",2018-01-06,"Mushima (New port)","RP",9.11192047648735,1
"31",2018-01-07,"Mushima (Old port)","RP",5.26780519709017,1
"32",2018-01-07,"Mushima (New port)","RP",12.991820384136,1
"33",2018-01-08,"Mushima (New port)","RP",2.31214973968302,1
"34",2018-01-09,"Mushima (Old port)","RP",2.01859007848461,1
"35",2018-01-10,"Mushima (Old port)","RP",5.32044255966733,1
"36",2018-01-10,"Mushima (New port)","RP",4.77593589489616,1
"37",2018-01-11,"Mushima (Old port)","RP",10.3869961298568,1
"38",2018-01-11,"Mushima (New port)","RP",7.73724767683299,1
"39",2018-01-12,"Mushima (Old port)","RP",9.29931077903465,1
"40",2018-01-13,"Mushima (Old port)","RP",7.33976380272239,1
"41",2018-01-13,"Mushima (New port)","RP",7.31523735774464,1
"42",2018-01-14,"Mushima (Old port)","RP",13.3620654953681,1
"43",2018-01-14,"Mushima (New port)","RP",9.15697742597405,1
"44",2018-01-15,"Mushima (Old port)","RP",7.38767145586216,1
"45",2018-01-15,"Mushima (New port)","RP",20.475627428475,1
"46",2018-02-24,"Mushima (New port)","RP",26.3636043813074,2
"47",2018-02-25,"Mushima (New port)","RP",23.1544911962595,2
"48",2018-02-26,"Mushima (New port)","RP",31.1590823692915,2
"49",2018-02-27,"Mushima (New port)","RP",26.8307829900198,2
"50",2018-02-28,"Mushima (New port)","RP",10.4319344944201,2
"51",2018-03-01,"Mushima (New port)","RP",14.9694629570121,3
"52",2018-03-02,"Mushima (New port)","RP",37.7127726004986,3
"53",2018-03-03,"Mushima (New port)","RP",16.0357101823116,3
"54",2018-03-04,"Mushima (New port)","RP",38.0249951602327,3
"55",2018-03-05,"Mushima (New port)","RP",22.3109085765694,3
"56",2018-03-06,"Mushima (New port)","RP",18.2691959576673,3
"57",2018-03-07,"Mushima (New port)","RP",23.7031484205551,3
"58",2018-03-08,"Mushima (New port)","RP",44.6700018236317,3
"59",2018-03-09,"Mushima (New port)","RP",6.95730114624267,3
"60",2018-03-10,"Mushima (New port)","RP",62.8930373481525,3
"61",2018-03-11,"Mushima (New port)","RP",44.4982005590791,3
"62",2018-03-12,"Mushima (New port)","RP",31.3710483451503,3
"63",2018-03-13,"Mushima (New port)","RP",53.7180506722095,3
"64",2018-03-14,"Mushima (New port)","RP",35.4375250759923,3
"65",2018-03-15,"Mushima (New port)","RP",23.4323509715512,3
"66",2018-03-16,"Mushima (New port)","RP",21.0264834439226,3
"67",2018-03-17,"Mushima (New port)","RP",36.5652300757441,3
"68",2018-03-18,"Mushima (New port)","RP",51.1319426028756,3
"69",2018-03-19,"Mushima (New port)","RP",18.3491684304639,3
"70",2018-03-20,"Mushima (New port)","RP",7.76548418173057,3
"71",2018-03-21,"Mushima (New port)","RP",15.5538459436073,3
"72",2018-03-22,"Mushima (New port)","RP",21.8289619081698,3
"73",2018-03-23,"Mushima (New port)","RP",20.7747041694518,3
"74",2018-03-24,"Mushima (New port)","RP",29.0619758806766,3
"75",2018-03-25,"Mushima (New port)","RP",51.5331159583395,3
"76",2018-03-26,"Mushima (New port)","RP",33.4624560754703,3
"77",2018-03-27,"Mushima (New port)","RP",36.8215888480596,3
"78",2018-03-28,"Mushima (New port)","RP",42.6930922770734,3
"79",2018-03-29,"Mushima (New port)","RP",46.2129747831529,3
"80",2018-03-30,"Mushima (New port)","RP",38.8473606389193,3
"81",2018-03-31,"Mushima (New port)","RP",59.5623056541708,3
"82",2018-04-01,"Mushima (New port)","RP",41.9511388746378,4
"83",2018-04-02,"Mushima (New port)","RP",49.605874138363,4
"84",2018-04-03,"Mushima (New port)","RP",52.1516097629484,4
"85",2018-04-04,"Mushima (New port)","RP",50.4176913732792,4
"86",2018-04-05,"Mushima (New port)","RP",49.2345194869101,4
"87",2018-04-06,"Mushima (New port)","RP",38.4006840386812,4
"88",2018-04-07,"Mushima (New port)","RP",6.66024576127288,4
"89",2018-04-08,"Mushima (New port)","RP",17.3350692845838,4
"90",2018-04-09,"Mushima (New port)","RP",26.7990776807201,4
"91",2018-04-10,"Mushima (New port)","RP",25.5570900496195,4
"92",2018-04-11,"Mushima (New port)","RP",45.2449898657378,4
"93",2018-04-12,"Mushima (New port)","RP",37.3562228571422,4
"94",2018-04-13,"Mushima (New port)","RP",28.0263471528573,4
"95",2018-04-14,"Mushima (New port)","RP",11.2698770579948,4
"96",2018-04-15,"Mushima (New port)","RP",22.1638845687568,4
"97",2018-04-20,"Mushima (Old port)","RP",6.91443465505667,4
"98",2018-04-20,"Mushima (New port)","RP",70.2741472121724,4
"99",2018-04-21,"Mushima (Old port)","RP",19.1025652833779,4
"100",2018-04-21,"Mushima (New port)","RP",60.6117997901988,4
"101",2018-04-22,"Mushima (Old port)","RP",16.4103769096146,4
"102",2018-04-22,"Mushima (New port)","RP",46.7045366655294,4
"103",2018-04-23,"Mushima (Old port)","RP",24.7365890906635,4
"104",2018-04-23,"Mushima (New port)","RP",47.7699609144421,4
"105",2018-04-24,"Mushima (Old port)","RP",24.7780468167318,4
"106",2018-04-24,"Mushima (New port)","RP",27.4254084194931,4
"107",2018-04-25,"Mushima (Old port)","RP",29.329340870508,4
"108",2018-04-25,"Mushima (New port)","RP",5.57912578437869,4
"109",2018-04-26,"Mushima (Old port)","RP",32.7892769678856,4
"110",2018-04-26,"Mushima (New port)","RP",33.9331067615985,4
"111",2018-04-27,"Mushima (Old port)","RP",17.0606775537132,4
"112",2018-04-27,"Mushima (New port)","RP",51.3720731958196,4
"113",2018-04-28,"Mushima (Old port)","RP",29.2965691166222,4
"114",2018-04-28,"Mushima (New port)","RP",38.6946256270245,4
"115",2018-04-29,"Mushima (Old port)","RP",24.306222353265,4
"116",2018-04-29,"Mushima (New port)","RP",47.3448514490081,4
"117",2018-04-30,"Mushima (Old port)","RP",30.2119956102851,4
"118",2018-04-30,"Mushima (New port)","RP",59.5271041475864,4
"119",2018-05-01,"Mushima (Old port)","RP",34.773283401019,5
"120",2018-05-01,"Mushima (New port)","RP",29.555373407131,5
"121",2018-05-02,"Mushima (Old port)","RP",4.31574581259042,5
"122",2018-05-02,"Mushima (New port)","RP",29.7393844721927,5
"123",2018-05-03,"Mushima (New port)","RP",20.6760734806517,5
"124",2018-05-04,"Mushima (Old port)","RP",20.6838519007543,5
"125",2018-05-04,"Mushima (New port)","RP",24.7254035989041,5
"126",2018-05-05,"Mushima (Old port)","RP",9.33328120270142,5
"127",2018-05-05,"Mushima (New port)","RP",48.2255935445932,5
"128",2018-05-06,"Mushima (Old port)","RP",13.8935130939484,5
"129",2018-05-06,"Mushima (New port)","RP",23.1922812559556,5
"130",2018-05-07,"Mushima (Old port)","RP",23.9796641515542,5
"131",2018-05-07,"Mushima (New port)","RP",24.5652659438981,5
"132",2018-05-08,"Mushima (Old port)","RP",19.1081020801572,5
"133",2018-05-08,"Mushima (New port)","RP",8.22440555359353,5
"134",2018-05-09,"Mushima (Old port)","RP",29.3445377927323,5
"135",2018-05-09,"Mushima (New port)","RP",16.608668634575,5
"136",2018-05-10,"Mushima (Old port)","RP",26.3453340309182,5
"137",2018-05-11,"Mushima (Old port)","RP",5.84020292331857,5
"138",2018-05-11,"Mushima (New port)","RP",16.6598641110539,5
"139",2018-05-12,"Mushima (Old port)","RP",13.2061306069257,5
"140",2018-05-12,"Mushima (New port)","RP",20.7473376303218,5
"141",2018-05-13,"Mushima (Old port)","RP",44.98594133965,5
"142",2018-05-13,"Mushima (New port)","RP",21.4869947366618,5
"143",2018-05-14,"Mushima (Old port)","RP",29.3670587173892,5
"144",2018-05-14,"Mushima (New port)","RP",23.2199221533442,5
"145",2018-05-15,"Mushima (Old port)","RP",19.6592343114489,5
"146",2018-05-15,"Mushima (New port)","RP",10.0967786188335,5
"147",2018-06-22,"Mushima (Old port)","RP",18.2942184508582,6
"148",2018-06-23,"Mushima (Old port)","RP",22.9997250117374,6
"149",2018-06-24,"Mushima (Old port)","RP",38.169978514002,6
"150",2018-06-24,"Mushima (New port)","RP",16.0933013052972,6
"151",2018-06-26,"Mushima (Old port)","RP",20.9193348118264,6
"152",2018-06-26,"Mushima (New port)","RP",28.3992481949664,6
"153",2018-06-27,"Mushima (Old port)","RP",4.12809317731926,6
"154",2018-06-27,"Mushima (New port)","RP",50.3150297129149,6
"155",2018-06-28,"Mushima (Old port)","RP",13.6630040454479,6
"156",2018-06-28,"Mushima (New port)","RP",53.3580259105327,6
"157",2018-06-29,"Mushima (Old port)","RP",27.1678922635887,6
"158",2018-06-29,"Mushima (New port)","RP",58.2854250567979,6
"159",2018-06-30,"Mushima (New port)","RP",52.768138912127,6
"160",2018-07-01,"Mushima (Old port)","RP",22.3762040764049,7
"161",2018-07-01,"Mushima (New port)","RP",85.1217783548905,7
"162",2018-07-02,"Mushima (Old port)","RP",1.31726402442586,7
"163",2018-07-02,"Mushima (New port)","RP",77.0881016981422,7
"164",2018-07-03,"Mushima (Old port)","RP",10.2007838426475,7
"165",2018-07-03,"Mushima (New port)","RP",10.5888620248141,7
"166",2018-07-04,"Mushima (Old port)","RP",22.8513123269569,7
"167",2018-07-04,"Mushima (New port)","RP",31.3543633603058,7
"168",2018-07-05,"Mushima (New port)","RP",60.08208812449,7
"169",2018-07-06,"Mushima (Old port)","RP",9.91054795694445,7
"170",2018-07-06,"Mushima (New port)","RP",36.5688816060973,7
"171",2018-07-07,"Mushima (Old port)","RP",11.3325864072131,7
"172",2018-07-07,"Mushima (New port)","RP",17.1674907979792,7
"173",2018-07-08,"Mushima (Old port)","RP",11.5609246775864,7
"174",2018-07-08,"Mushima (New port)","RP",11.9125173381001,7
"175",2018-07-09,"Mushima (Old port)","RP",23.5155586320312,7
"176",2018-07-09,"Mushima (New port)","RP",61.7670963218297,7
"177",2018-07-10,"Mushima (Old port)","RP",28.3296020442138,7
"178",2018-07-10,"Mushima (New port)","RP",37.6783798369253,7
"179",2018-07-11,"Mushima (Old port)","RP",25.7709702355835,7
"180",2018-07-12,"Mushima (Old port)","RP",11.0876826586528,7
"181",2018-07-12,"Mushima (New port)","RP",32.5500464884341,7
"182",2018-07-13,"Mushima (Old port)","RP",27.2314752215548,7
"183",2018-07-13,"Mushima (New port)","RP",43.6804542588579,7
"184",2018-07-14,"Mushima (Old port)","RP",4.55553020902013,7
"185",2018-07-14,"Mushima (New port)","RP",62.6124287109988,7
"186",2018-07-15,"Mushima (Old port)","RP",4.37779732584656,7
"187",2018-07-15,"Mushima (New port)","RP",27.1821249041654,7
"188",2018-07-16,"Mushima (Old port)","RP",4.47698822868834,7
"189",2018-07-16,"Mushima (New port)","RP",37.8415512175664,7
"190",2018-07-17,"Mushima (Old port)","RP",0.466588651707365,7
"191",2018-07-17,"Mushima (New port)","RP",41.5433877545586,7
"192",2018-07-18,"Mushima (Old port)","RP",9.22410545797693,7
"193",2018-07-18,"Mushima (New port)","RP",70.5083863830491,7
"194",2018-07-19,"Mushima (Old port)","RP",35.4588863145785,7
"195",2018-07-19,"Mushima (New port)","RP",65.2273021459768,7
"196",2018-07-20,"Mushima (Old port)","RP",41.9228562024746,7
"197",2018-07-20,"Mushima (New port)","RP",82.5275957513127,7
"198",2018-07-23,"Mushima (Old port)","RP",37.4081843006179,7
"199",2018-07-26,"Mushima (Old port)","RP",15.1084417647532,7
"200",2018-07-26,"Mushima (New port)","RP",6.56276760387442,7
"201",2018-07-27,"Mushima (Old port)","RP",10.9780261799763,7
"202",2018-07-27,"Mushima (New port)","RP",40.8451091388848,7
"203",2018-07-28,"Mushima (Old port)","RP",11.2411268373883,7
"204",2018-07-28,"Mushima (New port)","RP",11.4558267957037,7
"205",2018-07-29,"Mushima (Old port)","RP",4.54730827327232,7
"206",2018-07-29,"Mushima (New port)","RP",4.94414882052133,7
"207",2018-07-30,"Mushima (Old port)","RP",12.7904581325669,7
"208",2018-07-30,"Mushima (New port)","RP",11.280923656161,7
"209",2018-07-31,"Mushima (Old port)","RP",2.07960797532678,7
"210",2018-07-31,"Mushima (New port)","RP",73.4736508379704,7
"211",2018-08-01,"Mushima (Old port)","RP",9.87950112962338,8
"212",2018-08-01,"Mushima (New port)","RP",36.5092519664077,8
"213",2018-08-02,"Mushima (Old port)","RP",7.9068478107132,8
"214",2018-08-02,"Mushima (New port)","RP",65.4845655625728,8
"215",2018-08-03,"Mushima (Old port)","RP",5.18222900026829,8
"216",2018-08-03,"Mushima (New port)","RP",56.4940198037895,8
"217",2018-08-04,"Mushima (Old port)","RP",19.4195800736612,8
"218",2018-08-04,"Mushima (New port)","RP",122.235970537238,8
"219",2018-08-05,"Mushima (Old port)","RP",35.6417461100332,8
"220",2018-08-05,"Mushima (New port)","RP",90.4579334179644,8
"221",2018-08-06,"Mushima (Old port)","RP",34.4550861830643,8
"222",2018-08-06,"Mushima (New port)","RP",77.9948356645017,8
"223",2018-08-07,"Mushima (Old port)","RP",28.9255767083866,8
"224",2018-08-08,"Mushima (Old port)","RP",40.0381926168008,8
"225",2018-08-09,"Mushima (Old port)","RP",26.5780389874603,8
"226",2018-08-10,"Mushima (Old port)","RP",39.6307753524389,8
"227",2018-08-11,"Mushima (Old port)","RP",38.308612616169,8
"228",2018-08-12,"Mushima (Old port)","RP",19.1004164674565,8
"229",2018-08-13,"Mushima (Old port)","RP",18.208734810433,8
"230",2018-08-15,"Mushima (Old port)","RP",4.60342262420022,8
"231",2018-08-17,"Mushima (Old port)","RP",13.5558073372906,8
"232",2018-08-18,"Mushima (Old port)","RP",18.578343914848,8
"233",2018-08-19,"Mushima (Old port)","RP",29.0585286908739,8
"234",2018-08-20,"Mushima (Old port)","RP",35.2836470248384,8
"235",2018-08-23,"Mushima (Old port)","RP",32.7656165560242,8
"236",2018-08-25,"Mushima (Old port)","RP",8.94799570617421,8
"237",2018-08-26,"Mushima (Old port)","RP",14.3022548198284,8
"238",2018-08-27,"Mushima (Old port)","RP",21.7032107373124,8
"239",2018-08-28,"Mushima (Old port)","RP",4.38080698853066,8
"240",2018-08-29,"Mushima (Old port)","RP",4.79124322829511,8
"241",2018-08-30,"Mushima (Old port)","RP",22.6488083633603,8
"242",2018-09-01,"Mushima (Old port)","RP",7.2357014883903,9
"243",2018-09-03,"Mushima (Old port)","RP",37.3948305715378,9
"244",2018-09-04,"Mushima (Old port)","RP",23.6307870380055,9
"245",2018-09-05,"Mushima (Old port)","RP",24.4016452413386,9
"246",2018-09-06,"Mushima (Old port)","RP",23.8963691205194,9
"247",2018-09-07,"Mushima (Old port)","RP",13.6573848440828,9
"248",2018-09-08,"Mushima (Old port)","RP",9.98838025135917,9
"249",2018-09-09,"Mushima (Old port)","RP",11.3266594496868,9
"250",2018-09-10,"Mushima (Old port)","RP",9.98334475372867,9
"251",2018-09-11,"Mushima (Old port)","RP",6.35187337506323,9
"252",2018-09-12,"Mushima (Old port)","RP",4.75957023741346,9
"253",2018-09-13,"Mushima (Old port)","RP",6.22799384895505,9
"254",2018-09-14,"Mushima (Old port)","RP",8.37710696944602,9
"255",2018-09-20,"Mushima (Old port)","RP",36.9089380186335,9
"256",2018-09-21,"Mushima (Old port)","RP",8.50541232185645,9
"257",2018-09-21,"Mushima (New port)","RP",39.5650113950254,9
"258",2018-09-22,"Mushima (Old port)","RP",32.9687959516563,9
"259",2018-09-22,"Mushima (New port)","RP",21.4360677026565,9
"260",2018-09-23,"Mushima (Old port)","RP",11.3761573848958,9
"261",2018-09-24,"Mushima (Old port)","RP",12.8731933138505,9
"262",2018-09-24,"Mushima (New port)","RP",8.35527405133013,9
"263",2018-09-25,"Mushima (Old port)","RP",8.13288364683789,9
"264",2018-09-25,"Mushima (New port)","RP",8.71385597488118,9
"265",2018-09-26,"Mushima (Old port)","RP",13.7758307433389,9
"266",2018-09-26,"Mushima (New port)","RP",18.9144193223433,9
"267",2018-09-27,"Mushima (Old port)","RP",6.61120200882612,9
"268",2018-09-27,"Mushima (New port)","RP",18.5663717239016,9
"269",2018-09-28,"Mushima (Old port)","RP",7.8170862815299,9
"270",2018-09-28,"Mushima (New port)","RP",24.5831020942258,9
"271",2018-09-30,"Mushima (Old port)","RP",1.58156377203959,9
"272",2018-10-01,"Mushima (Old port)","RP",17.0242389460267,10
"273",2018-10-01,"Mushima (New port)","RP",11.2514384112917,10
"274",2018-10-02,"Mushima (Old port)","RP",22.4554002462364,10
"275",2018-10-02,"Mushima (New port)","RP",45.4604667561949,10
"276",2018-10-03,"Mushima (Old port)","RP",5.63578805748044,10
"277",2018-10-03,"Mushima (New port)","RP",36.8815271432545,10
"278",2018-10-04,"Mushima (Old port)","RP",20.9998115677704,10
"279",2018-10-04,"Mushima (New port)","RP",18.1946023709272,10
"280",2018-10-05,"Mushima (Old port)","RP",10.2503828866969,10
"281",2018-10-05,"Mushima (New port)","RP",21.0743861526237,10
"282",2018-10-06,"Mushima (Old port)","RP",6.87446863918295,10
"283",2018-10-06,"Mushima (New port)","RP",1.02792504101384,10
"284",2018-10-07,"Mushima (Old port)","RP",15.6569547996374,10
"285",2018-10-07,"Mushima (New port)","RP",24.9771536255855,10
"286",2018-10-08,"Mushima (Old port)","RP",20.5682990698922,10
"287",2018-10-08,"Mushima (New port)","RP",5.84048623675137,10
"288",2018-10-09,"Mushima (Old port)","RP",14.6213406513175,10
"289",2018-10-09,"Mushima (New port)","RP",22.621857722754,10
"290",2018-10-10,"Mushima (Old port)","RP",19.0790743348409,10
"291",2018-10-10,"Mushima (New port)","RP",11.1377099333146,10
"292",2018-10-11,"Mushima (Old port)","RP",10.9017456564344,10
"293",2018-10-11,"Mushima (New port)","RP",21.1344313097551,10
"294",2018-10-12,"Mushima (Old port)","RP",0.612696864663263,10
"295",2018-10-12,"Mushima (New port)","RP",15.9254848668134,10
"296",2018-10-13,"Mushima (Old port)","RP",8.55807693314647,10
"297",2018-10-13,"Mushima (New port)","RP",14.7696864448427,10
"298",2018-10-14,"Mushima (Old port)","RP",15.4486466898453,10
"299",2018-10-14,"Mushima (New port)","RP",19.476165040706,10
"300",2018-10-15,"Mushima (Old port)","RP",12.8554509516528,10
"301",2018-10-15,"Mushima (New port)","RP",27.0716660167899,10
"302",2018-10-17,"Mushima (Old port)","RP",28.9492807616028,10
"303",2018-10-17,"Mushima (New port)","RP",20.3020637381599,10
"304",2018-10-18,"Mushima (Old port)","RP",24.1864878577326,10
"305",2018-10-18,"Mushima (New port)","RP",16.2079849705691,10
"306",2018-10-19,"Mushima (Old port)","RP",18.6784317293653,10
"307",2018-10-19,"Mushima (New port)","RP",13.7642567693717,10
"308",2018-10-20,"Mushima (Old port)","RP",17.3197419820139,10
"309",2018-10-20,"Mushima (New port)","RP",15.542249179574,10
"310",2018-10-21,"Mushima (Old port)","RP",17.1880846142658,10
"311",2018-10-21,"Mushima (New port)","RP",21.7334137174514,10
"312",2018-10-22,"Mushima (Old port)","RP",9.40232570074525,10
"313",2018-10-22,"Mushima (New port)","RP",24.6335727813635,10
"314",2018-10-23,"Mushima (Old port)","RP",32.8107416416439,10
"315",2018-10-23,"Mushima (New port)","RP",38.2802298930537,10
"316",2018-10-24,"Mushima (Old port)","RP",16.5766942031137,10
"317",2018-10-24,"Mushima (New port)","RP",42.1267229587581,10
"318",2018-10-25,"Mushima (Old port)","RP",49.312106375,10
"319",2018-10-25,"Mushima (New port)","RP",38.4945001876591,10
"320",2018-10-26,"Mushima (Old port)","RP",40.6322342940352,10
"321",2018-10-26,"Mushima (New port)","RP",17.3600030274529,10
"322",2018-10-27,"Mushima (Old port)","RP",4.54216981402038,10
"323",2018-10-27,"Mushima (New port)","RP",14.5990138406176,10
"324",2018-10-28,"Mushima (Old port)","RP",19.8034501480284,10
"325",2018-10-28,"Mushima (New port)","RP",27.9290114625867,10
"326",2018-10-29,"Mushima (Old port)","RP",12.7388179126497,10
"327",2018-10-29,"Mushima (New port)","RP",17.3722368898785,10
"328",2018-10-30,"Mushima (Old port)","RP",10.6333966365065,10
"329",2018-10-30,"Mushima (New port)","RP",11.9918711258923,10
"330",2018-10-31,"Mushima (Old port)","RP",5.84951566518686,10
"331",2018-10-31,"Mushima (New port)","RP",19.5847166310835,10
"332",2018-11-01,"Mushima (Old port)","RP",10.4647364115094,11
"333",2018-11-01,"Mushima (New port)","RP",13.0461590010574,11
"334",2018-11-02,"Mushima (Old port)","RP",15.343358539257,11
"335",2018-11-02,"Mushima (New port)","RP",17.2323388951396,11
"336",2018-11-03,"Mushima (Old port)","RP",19.5779339493336,11
"337",2018-11-03,"Mushima (New port)","RP",17.1061458017314,11
"338",2018-11-04,"Mushima (Old port)","RP",18.0986181392326,11
"339",2018-11-04,"Mushima (New port)","RP",21.0293966296608,11
"340",2018-11-05,"Mushima (Old port)","RP",15.7548887425315,11
"341",2018-11-05,"Mushima (New port)","RP",19.0975285565487,11
"342",2018-11-06,"Mushima (Old port)","RP",8.30057754535052,11
"343",2018-11-06,"Mushima (New port)","RP",16.8765448654844,11
"344",2018-11-07,"Mushima (Old port)","RP",7.13929004468392,11
"345",2018-11-07,"Mushima (New port)","RP",19.4459658005586,11
"346",2018-11-08,"Mushima (Old port)","RP",10.2916806984579,11
"347",2018-11-08,"Mushima (New port)","RP",10.7856148705446,11
"348",2018-11-09,"Mushima (Old port)","RP",16.1927749350607,11
"349",2018-11-09,"Mushima (New port)","RP",11.9361949556259,11
"350",2018-11-10,"Mushima (Old port)","RP",10.1404396265488,11
"351",2018-11-10,"Mushima (New port)","RP",15.6983351290192,11
"352",2018-11-11,"Mushima (Old port)","RP",8.81383713746313,11
"353",2018-11-11,"Mushima (New port)","RP",19.8945594638545,11
"354",2018-11-12,"Mushima (Old port)","RP",8.68556380683138,11
"355",2018-11-12,"Mushima (New port)","RP",23.9597935908557,11
"356",2018-11-13,"Mushima (Old port)","RP",5.12544960259081,11
"357",2018-11-13,"Mushima (New port)","RP",18.1344629348925,11
"358",2018-11-14,"Mushima (Old port)","RP",10.6316853492419,11
"359",2018-11-14,"Mushima (New port)","RP",19.1788413284039,11
"360",2018-11-15,"Mushima (Old port)","RP",1.79014112774212,11
"361",2018-11-15,"Mushima (New port)","RP",18.1889485023831,11
"362",2018-11-16,"Mushima (Old port)","RP",6.08289739978565,11
"363",2018-11-16,"Mushima (New port)","RP",12.8863615003024,11
"364",2018-11-17,"Mushima (Old port)","RP",20.3560344143925,11
"365",2018-11-17,"Mushima (New port)","RP",13.73357610629,11
"366",2018-11-18,"Mushima (Old port)","RP",17.6250019566439,11
"367",2018-11-18,"Mushima (New port)","RP",36.6730089080486,11
"368",2018-11-19,"Mushima (Old port)","RP",11.9230313258894,11
"369",2018-11-19,"Mushima (New port)","RP",0.195493540866868,11
"370",2018-11-22,"Mushima (Old port)","RP",5.75524427200396,11
"371",2018-11-22,"Mushima (New port)","RP",19.2305892492627,11
"372",2018-11-23,"Mushima (Old port)","RP",6.82257920768095,11
"373",2018-11-23,"Mushima (New port)","RP",20.9237579649228,11
"374",2018-11-24,"Mushima (Old port)","RP",2.04047659369166,11
"375",2018-11-24,"Mushima (New port)","RP",18.6998615224291,11
"376",2018-11-25,"Mushima (New port)","RP",13.9592080286782,11
"377",2018-11-26,"Mushima (Old port)","RP",2.9284801174395,11
"378",2018-11-26,"Mushima (New port)","RP",12.4950544501624,11
"379",2018-11-27,"Mushima (Old port)","RP",2.33322284640754,11
"380",2018-11-27,"Mushima (New port)","RP",11.9557556577013,11
"381",2018-11-28,"Mushima (Old port)","RP",13.5686168987929,11
"382",2018-11-28,"Mushima (New port)","RP",17.189856278307,11
"383",2018-11-29,"Mushima (Old port)","RP",28.1067633486742,11
"384",2018-11-29,"Mushima (New port)","RP",8.87899784252966,11
"385",2018-11-30,"Mushima (New port)","RP",17.0029393640289,11
"386",2018-12-01,"Mushima (Old port)","RP",15.0784854554472,12
"387",2018-12-01,"Mushima (New port)","RP",17.5201253218533,12
"388",2018-12-02,"Mushima (New port)","RP",11.7490570790437,12
"389",2018-12-03,"Mushima (Old port)","RP",44.9625780944325,12
"390",2018-12-03,"Mushima (New port)","RP",16.6965303856587,12
"391",2018-12-04,"Mushima (Old port)","RP",16.914279946407,12
"392",2018-12-04,"Mushima (New port)","RP",4.04488262626046,12
"393",2018-12-05,"Mushima (Old port)","RP",6.13668529114799,12
"394",2018-12-05,"Mushima (New port)","RP",13.2470400509498,12
"395",2018-12-06,"Mushima (Old port)","RP",6.40953397395535,12
"396",2018-12-06,"Mushima (New port)","RP",16.5367103671387,12
"397",2018-12-07,"Mushima (Old port)","RP",3.10234698691221,12
"398",2018-12-07,"Mushima (New port)","RP",6.20571612844906,12
"399",2018-12-08,"Mushima (New port)","RP",7.40039939360934,12
"400",2018-12-09,"Mushima (Old port)","RP",3.68238616346675,12
"401",2018-12-09,"Mushima (New port)","RP",16.5711579474722,12
"402",2018-12-10,"Mushima (Old port)","RP",4.94413935022564,12
"403",2018-12-10,"Mushima (New port)","RP",11.7777433624755,12
"404",2018-12-11,"Mushima (Old port)","RP",4.64754824381967,12
"405",2018-12-11,"Mushima (New port)","RP",12.7509778945755,12
"406",2018-12-12,"Mushima (Old port)","RP",15.9221032082134,12
"407",2018-12-12,"Mushima (New port)","RP",14.2594303812139,12
"408",2018-12-13,"Mushima (Old port)","RP",5.87460577669177,12
"409",2018-12-14,"Mushima (Old port)","RP",12.1280998361042,12
"410",2018-12-14,"Mushima (New port)","RP",10.9220329909439,12
"411",2018-12-15,"Mushima (Old port)","RP",15.1417423731312,12
"412",2018-12-15,"Mushima (New port)","RP",9.88364850937169,12
"413",2018-12-16,"Mushima (Old port)","RP",5.74116584278376,12
"414",2018-12-16,"Mushima (New port)","RP",21.2802966633804,12
"415",2018-12-17,"Mushima (Old port)","RP",8.71042416355244,12
"416",2018-12-18,"Mushima (Old port)","RP",10.0725729496584,12
"417",2018-12-18,"Mushima (New port)","RP",10.2452207909443,12
"418",2017-12-23,"Mushima (Old port)","NEP",3.03738974394285,12
"419",2017-12-23,"Mushima (New port)","NEP",6.06099535799842,12
"420",2017-12-24,"Mushima (Old port)","NEP",2.99459968679372,12
"421",2017-12-24,"Mushima (New port)","NEP",3.70716454647457,12
"422",2017-12-25,"Mushima (Old port)","NEP",3.10737771104108,12
"423",2017-12-25,"Mushima (New port)","NEP",2.79291853546049,12
"424",2017-12-26,"Mushima (Old port)","NEP",3.18744913287716,12
"425",2017-12-26,"Mushima (New port)","NEP",3.27795742493464,12
"426",2017-12-27,"Mushima (Old port)","NEP",3.2207754497815,12
"427",2017-12-27,"Mushima (New port)","NEP",2.71451932540145,12
"428",2017-12-28,"Mushima (Old port)","NEP",3.82903844603533,12
"429",2017-12-28,"Mushima (New port)","NEP",4.53077517815892,12
"430",2017-12-29,"Mushima (Old port)","NEP",3.73996591722836,12
"431",2017-12-29,"Mushima (New port)","NEP",4.89427156992228,12
"432",2017-12-30,"Mushima (Old port)","NEP",1.93532538759378,12
"433",2017-12-30,"Mushima (New port)","NEP",1.94355595866647,12
"434",2017-12-31,"Mushima (Old port)","NEP",4.95316801093182,12
"435",2017-12-31,"Mushima (New port)","NEP",5.08361926780054,12
"436",2018-01-01,"Mushima (Old port)","NEP",4.50297815141631,1
"437",2018-01-01,"Mushima (New port)","NEP",4.80313488872852,1
"438",2018-01-02,"Mushima (Old port)","NEP",4.42140271032088,1
"439",2018-01-02,"Mushima (New port)","NEP",6.82297516305574,1
"440",2018-01-03,"Mushima (Old port)","NEP",3.95049853572083,1
"441",2018-01-03,"Mushima (New port)","NEP",5.26629198837547,1
"442",2018-01-04,"Mushima (Old port)","NEP",3.18750037182269,1
"443",2018-01-04,"Mushima (New port)","NEP",4.90983947690893,1
"444",2018-01-05,"Mushima (Old port)","NEP",2.20812349180655,1
"445",2018-01-05,"Mushima (New port)","NEP",4.92334041042675,1
"446",2018-01-06,"Mushima (Old port)","NEP",2.00349454661541,1
"447",2018-01-06,"Mushima (New port)","NEP",3.9192502996297,1
"448",2018-01-07,"Mushima (Old port)","NEP",2.22879101188411,1
"449",2018-01-07,"Mushima (New port)","NEP",4.35240129654346,1
"450",2018-01-08,"Mushima (New port)","NEP",2.67268294443745,1
"451",2018-01-09,"Mushima (Old port)","NEP",2.07028239737639,1
"452",2018-01-10,"Mushima (Old port)","NEP",3.50087911527019,1
"453",2018-01-10,"Mushima (New port)","NEP",3.48852849561787,1
"454",2018-01-11,"Mushima (Old port)","NEP",5.03645839544831,1
"455",2018-01-11,"Mushima (New port)","NEP",3.56688536577998,1
"456",2018-01-12,"Mushima (Old port)","NEP",3.28204540707588,1
"457",2018-01-13,"Mushima (Old port)","NEP",2.65194222149567,1
"458",2018-01-13,"Mushima (New port)","NEP",2.33819577730898,1
"459",2018-01-14,"Mushima (Old port)","NEP",7.48065377286267,1
"460",2018-01-14,"Mushima (New port)","NEP",5.86064375779216,1
"461",2018-01-15,"Mushima (Old port)","NEP",3.68293762145555,1
"462",2018-01-15,"Mushima (New port)","NEP",7.07149666915718,1
"463",2018-02-24,"Mushima (New port)","NEP",9.71923218613746,2
"464",2018-02-25,"Mushima (New port)","NEP",9.49309551904776,2
"465",2018-02-26,"Mushima (New port)","NEP",14.7043339557467,2
"466",2018-02-27,"Mushima (New port)","NEP",9.15957816258661,2
"467",2018-02-28,"Mushima (New port)","NEP",-4.38495060776667,2
"468",2018-03-01,"Mushima (New port)","NEP",6.10473759235752,3
"469",2018-03-02,"Mushima (New port)","NEP",11.8442307803655,3
"470",2018-03-03,"Mushima (New port)","NEP",4.79394955642221,3
"471",2018-03-04,"Mushima (New port)","NEP",12.6822868045817,3
"472",2018-03-05,"Mushima (New port)","NEP",2.67899139725003,3
"473",2018-03-06,"Mushima (New port)","NEP",11.3876978384528,3
"474",2018-03-07,"Mushima (New port)","NEP",11.4807748299537,3
"475",2018-03-08,"Mushima (New port)","NEP",5.64817188267952,3
"476",2018-03-09,"Mushima (New port)","NEP",13.1653954004225,3
"477",2018-03-10,"Mushima (New port)","NEP",25.5929966551811,3
"478",2018-03-11,"Mushima (New port)","NEP",16.7347092068262,3
"479",2018-03-12,"Mushima (New port)","NEP",14.0369020642286,3
"480",2018-03-13,"Mushima (New port)","NEP",11.6131379977524,3
"481",2018-03-14,"Mushima (New port)","NEP",13.492061672272,3
"482",2018-03-15,"Mushima (New port)","NEP",3.48079869768725,3
"483",2018-03-16,"Mushima (New port)","NEP",9.40935759410699,3
"484",2018-03-17,"Mushima (New port)","NEP",17.9351915888546,3
"485",2018-03-18,"Mushima (New port)","NEP",12.3337338584459,3
"486",2018-03-19,"Mushima (New port)","NEP",4.11034339978578,3
"487",2018-03-20,"Mushima (New port)","NEP",4.93439551104657,3
"488",2018-03-21,"Mushima (New port)","NEP",7.44979370512411,3
"489",2018-03-22,"Mushima (New port)","NEP",9.2836352493304,3
"490",2018-03-23,"Mushima (New port)","NEP",12.767060346075,3
"491",2018-03-24,"Mushima (New port)","NEP",12.7134579197516,3
"492",2018-03-25,"Mushima (New port)","NEP",12.1307618718731,3
"493",2018-03-26,"Mushima (New port)","NEP",11.5632424701175,3
"494",2018-03-27,"Mushima (New port)","NEP",11.5522627197056,3
"495",2018-03-28,"Mushima (New port)","NEP",17.9373365562494,3
"496",2018-03-29,"Mushima (New port)","NEP",12.7574509094242,3
"497",2018-03-30,"Mushima (New port)","NEP",17.0323126392145,3
"498",2018-03-31,"Mushima (New port)","NEP",17.6013923837459,3
"499",2018-04-01,"Mushima (New port)","NEP",15.5244867800111,4
"500",2018-04-02,"Mushima (New port)","NEP",16.0038358163828,4
"501",2018-04-03,"Mushima (New port)","NEP",21.8605829660818,4
"502",2018-04-04,"Mushima (New port)","NEP",19.4496642603417,4
"503",2018-04-05,"Mushima (New port)","NEP",14.6219053354306,4
"504",2018-04-06,"Mushima (New port)","NEP",15.1277775253007,4
"505",2018-04-07,"Mushima (New port)","NEP",4.56182141835981,4
"506",2018-04-08,"Mushima (New port)","NEP",9.03304251669468,4
"507",2018-04-09,"Mushima (New port)","NEP",8.56273066573721,4
"508",2018-04-10,"Mushima (New port)","NEP",8.53354505586523,4
"509",2018-04-11,"Mushima (New port)","NEP",8.72594105627833,4
"510",2018-04-12,"Mushima (New port)","NEP",9.38578324836215,4
"511",2018-04-13,"Mushima (New port)","NEP",14.1235013675125,4
"512",2018-04-14,"Mushima (New port)","NEP",-0.67682626785448,4
"513",2018-04-15,"Mushima (New port)","NEP",11.5952611071215,4
"514",2018-04-20,"Mushima (Old port)","NEP",2.85771605922491,4
"515",2018-04-20,"Mushima (New port)","NEP",20.1729600267306,4
"516",2018-04-21,"Mushima (Old port)","NEP",4.92800353169365,4
"517",2018-04-21,"Mushima (New port)","NEP",19.0954009089097,4
"518",2018-04-22,"Mushima (Old port)","NEP",2.81627581639832,4
"519",2018-04-22,"Mushima (New port)","NEP",13.7646290011819,4
"520",2018-04-23,"Mushima (Old port)","NEP",6.10335134199858,4
"521",2018-04-23,"Mushima (New port)","NEP",5.88976280950959,4
"522",2018-04-24,"Mushima (Old port)","NEP",6.17609195372104,4
"523",2018-04-24,"Mushima (New port)","NEP",11.9027293365175,4
"524",2018-04-25,"Mushima (Old port)","NEP",6.39511234007806,4
"525",2018-04-25,"Mushima (New port)","NEP",10.9076341751422,4
"526",2018-04-26,"Mushima (Old port)","NEP",9.02721114042748,4
"527",2018-04-26,"Mushima (New port)","NEP",9.91905609706301,4
"528",2018-04-27,"Mushima (Old port)","NEP",7.60147292321811,4
"529",2018-04-27,"Mushima (New port)","NEP",17.5391619098866,4
"530",2018-04-28,"Mushima (Old port)","NEP",9.7650432533456,4
"531",2018-04-28,"Mushima (New port)","NEP",16.5232808944191,4
"532",2018-04-29,"Mushima (Old port)","NEP",6.41526306288398,4
"533",2018-04-29,"Mushima (New port)","NEP",16.629874992625,4
"534",2018-04-30,"Mushima (Old port)","NEP",8.95796504331514,4
"535",2018-04-30,"Mushima (New port)","NEP",21.0906040973331,4
"536",2018-05-01,"Mushima (Old port)","NEP",9.02272393311421,5
"537",2018-05-01,"Mushima (New port)","NEP",12.8465973599186,5
"538",2018-05-02,"Mushima (Old port)","NEP",1.06812976690485,5
"539",2018-05-02,"Mushima (New port)","NEP",10.3885800125632,5
"540",2018-05-03,"Mushima (New port)","NEP",13.8687976597796,5
"541",2018-05-04,"Mushima (Old port)","NEP",7.0470174037478,5
"542",2018-05-04,"Mushima (New port)","NEP",12.9350308296523,5
"543",2018-05-05,"Mushima (Old port)","NEP",2.72303788233685,5
"544",2018-05-05,"Mushima (New port)","NEP",12.3268578826057,5
"545",2018-05-06,"Mushima (Old port)","NEP",5.36079954475177,5
"546",2018-05-06,"Mushima (New port)","NEP",-4.80461302637192,5
"547",2018-05-07,"Mushima (Old port)","NEP",0.0388782118836417,5
"548",2018-05-07,"Mushima (New port)","NEP",3.78074870786183,5
"549",2018-05-08,"Mushima (Old port)","NEP",6.60648485496473,5
"550",2018-05-08,"Mushima (New port)","NEP",3.81825505589362,5
"551",2018-05-09,"Mushima (Old port)","NEP",7.30061709624685,5
"552",2018-05-09,"Mushima (New port)","NEP",12.1172223732797,5
"553",2018-05-10,"Mushima (Old port)","NEP",4.40121916212277,5
"554",2018-05-11,"Mushima (Old port)","NEP",8.90722146161593,5
"555",2018-05-11,"Mushima (New port)","NEP",8.8750182659183,5
"556",2018-05-12,"Mushima (Old port)","NEP",6.49762050137603,5
"557",2018-05-12,"Mushima (New port)","NEP",6.18952554832042,5
"558",2018-05-13,"Mushima (Old port)","NEP",12.591160333483,5
"559",2018-05-13,"Mushima (New port)","NEP",7.73716089686527,5
"560",2018-05-14,"Mushima (Old port)","NEP",5.36688193538026,5
"561",2018-05-14,"Mushima (New port)","NEP",12.4832452442707,5
"562",2018-05-15,"Mushima (Old port)","NEP",6.18615962046576,5
"563",2018-05-15,"Mushima (New port)","NEP",8.39270229496591,5
"564",2018-06-22,"Mushima (Old port)","NEP",0.711964287358313,6
"565",2018-06-23,"Mushima (Old port)","NEP",7.93924558124992,6
"566",2018-06-24,"Mushima (Old port)","NEP",8.58206357383118,6
"567",2018-06-24,"Mushima (New port)","NEP",16.0743066980125,6
"568",2018-06-26,"Mushima (Old port)","NEP",2.15702598837808,6
"569",2018-06-26,"Mushima (New port)","NEP",15.3039674947113,6
"570",2018-06-27,"Mushima (Old port)","NEP",2.10240261744143,6
"571",2018-06-27,"Mushima (New port)","NEP",12.0192617741495,6
"572",2018-06-28,"Mushima (Old port)","NEP",-1.21439409159407,6
"573",2018-06-28,"Mushima (New port)","NEP",13.9753736107613,6
"574",2018-06-29,"Mushima (Old port)","NEP",4.92562089768178,6
"575",2018-06-29,"Mushima (New port)","NEP",15.7193574580967,6
"576",2018-06-30,"Mushima (New port)","NEP",17.961222023418,6
"577",2018-07-01,"Mushima (Old port)","NEP",7.57094300856131,7
"578",2018-07-01,"Mushima (New port)","NEP",26.1150977928208,7
"579",2018-07-02,"Mushima (Old port)","NEP",5.82480203022939,7
"580",2018-07-02,"Mushima (New port)","NEP",23.6907550373573,7
"581",2018-07-03,"Mushima (Old port)","NEP",6.7028146817032,7
"582",2018-07-03,"Mushima (New port)","NEP",5.6494281091144,7
"583",2018-07-04,"Mushima (Old port)","NEP",2.87657780955097,7
"584",2018-07-04,"Mushima (New port)","NEP",5.46581856915296,7
"585",2018-07-05,"Mushima (New port)","NEP",9.91579697066136,7
"586",2018-07-06,"Mushima (Old port)","NEP",3.89600551770641,7
"587",2018-07-06,"Mushima (New port)","NEP",10.7099357426161,7
"588",2018-07-07,"Mushima (Old port)","NEP",3.46583105792764,7
"589",2018-07-07,"Mushima (New port)","NEP",7.92471107213011,7
"590",2018-07-08,"Mushima (Old port)","NEP",2.1459680450775,7
"591",2018-07-08,"Mushima (New port)","NEP",6.5285269951838,7
"592",2018-07-09,"Mushima (Old port)","NEP",9.77972438785901,7
"593",2018-07-09,"Mushima (New port)","NEP",14.828874050008,7
"594",2018-07-10,"Mushima (Old port)","NEP",6.61084966228742,7
"595",2018-07-10,"Mushima (New port)","NEP",7.01669064562971,7
"596",2018-07-11,"Mushima (Old port)","NEP",4.62882687820354,7
"597",2018-07-12,"Mushima (Old port)","NEP",3.07274536013757,7
"598",2018-07-12,"Mushima (New port)","NEP",16.5607317447449,7
"599",2018-07-13,"Mushima (Old port)","NEP",5.79642636051325,7
"600",2018-07-13,"Mushima (New port)","NEP",15.0932658006777,7
"601",2018-07-14,"Mushima (Old port)","NEP",3.22916682193153,7
"602",2018-07-14,"Mushima (New port)","NEP",11.7066380059017,7
"603",2018-07-15,"Mushima (Old port)","NEP",1.73577457388063,7
"604",2018-07-15,"Mushima (New port)","NEP",10.3734200093069,7
"605",2018-07-16,"Mushima (Old port)","NEP",1.61640935045604,7
"606",2018-07-16,"Mushima (New port)","NEP",12.1272873616896,7
"607",2018-07-17,"Mushima (Old port)","NEP",2.54754417679859,7
"608",2018-07-17,"Mushima (New port)","NEP",12.2243670869961,7
"609",2018-07-18,"Mushima (Old port)","NEP",4.33021199533012,7
"610",2018-07-18,"Mushima (New port)","NEP",26.0694396607031,7
"611",2018-07-19,"Mushima (Old port)","NEP",5.63547372483253,7
"612",2018-07-19,"Mushima (New port)","NEP",20.5311632627705,7
"613",2018-07-20,"Mushima (Old port)","NEP",11.2888778969165,7
"614",2018-07-20,"Mushima (New port)","NEP",20.7640808619765,7
"615",2018-07-23,"Mushima (Old port)","NEP",6.25086732645741,7
"616",2018-07-26,"Mushima (Old port)","NEP",0.652756716053915,7
"617",2018-07-26,"Mushima (New port)","NEP",11.7449196618846,7
"618",2018-07-27,"Mushima (Old port)","NEP",1.95750427834884,7
"619",2018-07-27,"Mushima (New port)","NEP",15.71271600299,7
"620",2018-07-28,"Mushima (Old port)","NEP",5.21874578252746,7
"621",2018-07-28,"Mushima (New port)","NEP",14.226217972138,7
"622",2018-07-29,"Mushima (Old port)","NEP",1.64620971639895,7
"623",2018-07-29,"Mushima (New port)","NEP",5.30207522359305,7
"624",2018-07-30,"Mushima (Old port)","NEP",1.86178159111261,7
"625",2018-07-30,"Mushima (New port)","NEP",5.15064359280082,7
"626",2018-07-31,"Mushima (Old port)","NEP",4.86864989972435,7
"627",2018-07-31,"Mushima (New port)","NEP",22.9937058176075,7
"628",2018-08-01,"Mushima (Old port)","NEP",3.81614405040143,8
"629",2018-08-01,"Mushima (New port)","NEP",11.7056414306207,8
"630",2018-08-02,"Mushima (Old port)","NEP",2.07209575690204,8
"631",2018-08-02,"Mushima (New port)","NEP",18.5923819240195,8
"632",2018-08-03,"Mushima (Old port)","NEP",3.30432103959843,8
"633",2018-08-03,"Mushima (New port)","NEP",17.4285903990556,8
"634",2018-08-04,"Mushima (Old port)","NEP",5.02199964458061,8
"635",2018-08-04,"Mushima (New port)","NEP",14.0587796684448,8
"636",2018-08-05,"Mushima (Old port)","NEP",6.90174044120351,8
"637",2018-08-05,"Mushima (New port)","NEP",10.2051924326148,8
"638",2018-08-06,"Mushima (Old port)","NEP",6.43550416172101,8
"639",2018-08-06,"Mushima (New port)","NEP",13.7148348847802,8
"640",2018-08-07,"Mushima (Old port)","NEP",8.11638989139407,8
"641",2018-08-08,"Mushima (Old port)","NEP",12.6833802036463,8
"642",2018-08-09,"Mushima (Old port)","NEP",11.1910693325923,8
"643",2018-08-10,"Mushima (Old port)","NEP",10.7456002859045,8
"644",2018-08-11,"Mushima (Old port)","NEP",9.45279125154563,8
"645",2018-08-12,"Mushima (Old port)","NEP",5.1299274396337,8
"646",2018-08-13,"Mushima (Old port)","NEP",5.45493754204518,8
"647",2018-08-15,"Mushima (Old port)","NEP",0.583075704689406,8
"648",2018-08-17,"Mushima (Old port)","NEP",9.45771628948933,8
"649",2018-08-18,"Mushima (Old port)","NEP",4.90266912050963,8
"650",2018-08-19,"Mushima (Old port)","NEP",8.44305392202838,8
"651",2018-08-20,"Mushima (Old port)","NEP",10.707921419594,8
"652",2018-08-23,"Mushima (Old port)","NEP",-2.32250198876383,8
"653",2018-08-25,"Mushima (Old port)","NEP",8.15871440568117,8
"654",2018-08-26,"Mushima (Old port)","NEP",6.29815916640375,8
"655",2018-08-27,"Mushima (Old port)","NEP",5.94439259643842,8
"656",2018-08-28,"Mushima (Old port)","NEP",1.99647152135807,8
"657",2018-08-29,"Mushima (Old port)","NEP",0.798934492185488,8
"658",2018-08-30,"Mushima (Old port)","NEP",3.90254138550361,8
"659",2018-09-01,"Mushima (Old port)","NEP",-0.151668627509594,9
"660",2018-09-03,"Mushima (Old port)","NEP",9.02360538407354,9
"661",2018-09-04,"Mushima (Old port)","NEP",6.7036158591689,9
"662",2018-09-05,"Mushima (Old port)","NEP",10.7229722518039,9
"663",2018-09-06,"Mushima (Old port)","NEP",5.33051661868278,9
"664",2018-09-07,"Mushima (Old port)","NEP",3.09593019837973,9
"665",2018-09-08,"Mushima (Old port)","NEP",4.6600328436508,9
"666",2018-09-09,"Mushima (Old port)","NEP",3.33652041627541,9
"667",2018-09-10,"Mushima (Old port)","NEP",3.56064591111238,9
"668",2018-09-11,"Mushima (Old port)","NEP",1.89187910779065,9
"669",2018-09-12,"Mushima (Old port)","NEP",2.95172181318293,9
"670",2018-09-13,"Mushima (Old port)","NEP",0.533292224115023,9
"671",2018-09-14,"Mushima (Old port)","NEP",5.82870569850424,9
"672",2018-09-20,"Mushima (Old port)","NEP",7.79818555709788,9
"673",2018-09-21,"Mushima (Old port)","NEP",6.28893806067321,9
"674",2018-09-21,"Mushima (New port)","NEP",20.9418199170051,9
"675",2018-09-22,"Mushima (Old port)","NEP",8.82592648470215,9
"676",2018-09-22,"Mushima (New port)","NEP",5.56888395796662,9
"677",2018-09-23,"Mushima (Old port)","NEP",5.93665518853204,9
"678",2018-09-24,"Mushima (Old port)","NEP",2.66018230939125,9
"679",2018-09-24,"Mushima (New port)","NEP",2.72470324270557,9
"680",2018-09-25,"Mushima (Old port)","NEP",5.70204248172601,9
"681",2018-09-25,"Mushima (New port)","NEP",7.20053052601166,9
"682",2018-09-26,"Mushima (Old port)","NEP",6.35817918332648,9
"683",2018-09-26,"Mushima (New port)","NEP",7.30198915694746,9
"684",2018-09-27,"Mushima (Old port)","NEP",5.04555776867122,9
"685",2018-09-27,"Mushima (New port)","NEP",6.25176784549186,9
"686",2018-09-28,"Mushima (Old port)","NEP",4.22125396174788,9
"687",2018-09-28,"Mushima (New port)","NEP",5.81228421263891,9
"688",2018-09-30,"Mushima (Old port)","NEP",2.51283689067616,9
"689",2018-10-01,"Mushima (Old port)","NEP",3.11206540758757,10
"690",2018-10-01,"Mushima (New port)","NEP",6.06521693926165,10
"691",2018-10-02,"Mushima (Old port)","NEP",6.56089088612166,10
"692",2018-10-02,"Mushima (New port)","NEP",11.8078886902904,10
"693",2018-10-03,"Mushima (Old port)","NEP",5.32490014886289,10
"694",2018-10-03,"Mushima (New port)","NEP",15.1648920448375,10
"695",2018-10-04,"Mushima (Old port)","NEP",6.5585428779773,10
"696",2018-10-04,"Mushima (New port)","NEP",3.07773889292928,10
"697",2018-10-05,"Mushima (Old port)","NEP",6.89568905091864,10
"698",2018-10-05,"Mushima (New port)","NEP",8.25936793068038,10
"699",2018-10-06,"Mushima (Old port)","NEP",-4.32928895606643,10
"700",2018-10-06,"Mushima (New port)","NEP",0.155409743815227,10
"701",2018-10-07,"Mushima (Old port)","NEP",5.48173649571115,10
"702",2018-10-07,"Mushima (New port)","NEP",5.42645861171742,10
"703",2018-10-08,"Mushima (Old port)","NEP",8.23929408210855,10
"704",2018-10-08,"Mushima (New port)","NEP",6.28953997087578,10
"705",2018-10-09,"Mushima (Old port)","NEP",5.02731846560067,10
"706",2018-10-09,"Mushima (New port)","NEP",5.96323529238774,10
"707",2018-10-10,"Mushima (Old port)","NEP",4.48257183896228,10
"708",2018-10-10,"Mushima (New port)","NEP",4.57719065113071,10
"709",2018-10-11,"Mushima (Old port)","NEP",4.57429837686263,10
"710",2018-10-11,"Mushima (New port)","NEP",7.81106487509131,10
"711",2018-10-12,"Mushima (Old port)","NEP",3.26817406867352,10
"712",2018-10-12,"Mushima (New port)","NEP",7.94263836107856,10
"713",2018-10-13,"Mushima (Old port)","NEP",3.75544651445647,10
"714",2018-10-13,"Mushima (New port)","NEP",6.37433421082267,10
"715",2018-10-14,"Mushima (Old port)","NEP",4.85509750353597,10
"716",2018-10-14,"Mushima (New port)","NEP",6.90991260286999,10
"717",2018-10-15,"Mushima (Old port)","NEP",3.34916638168625,10
"718",2018-10-15,"Mushima (New port)","NEP",7.57433795309481,10
"719",2018-10-17,"Mushima (Old port)","NEP",10.4689233530708,10
"720",2018-10-17,"Mushima (New port)","NEP",8.46456961141584,10
"721",2018-10-18,"Mushima (Old port)","NEP",10.042492481416,10
"722",2018-10-18,"Mushima (New port)","NEP",6.88475691555634,10
"723",2018-10-19,"Mushima (Old port)","NEP",8.529368189512,10
"724",2018-10-19,"Mushima (New port)","NEP",7.98823920788916,10
"725",2018-10-20,"Mushima (Old port)","NEP",8.06262903673005,10
"726",2018-10-20,"Mushima (New port)","NEP",7.99374280709486,10
"727",2018-10-21,"Mushima (Old port)","NEP",9.57843702405103,10
"728",2018-10-21,"Mushima (New port)","NEP",9.52809210464434,10
"729",2018-10-22,"Mushima (Old port)","NEP",4.75252816449512,10
"730",2018-10-22,"Mushima (New port)","NEP",4.87528656938885,10
"731",2018-10-23,"Mushima (Old port)","NEP",11.7706228157894,10
"732",2018-10-23,"Mushima (New port)","NEP",8.94396169911449,10
"733",2018-10-24,"Mushima (Old port)","NEP",4.56214673552768,10
"734",2018-10-24,"Mushima (New port)","NEP",16.8298519200576,10
"735",2018-10-25,"Mushima (Old port)","NEP",8.79767122520292,10
"736",2018-10-25,"Mushima (New port)","NEP",15.0032618030327,10
"737",2018-10-26,"Mushima (Old port)","NEP",24.1440796409318,10
"738",2018-10-26,"Mushima (New port)","NEP",10.1820311104577,10
"739",2018-10-27,"Mushima (Old port)","NEP",12.9277527708886,10
"740",2018-10-27,"Mushima (New port)","NEP",9.15769882674056,10
"741",2018-10-28,"Mushima (Old port)","NEP",8.40171592881944,10
"742",2018-10-28,"Mushima (New port)","NEP",11.1915290888591,10
"743",2018-10-29,"Mushima (Old port)","NEP",3.07111241842417,10
"744",2018-10-29,"Mushima (New port)","NEP",6.92762912242895,10
"745",2018-10-30,"Mushima (Old port)","NEP",3.0514645552131,10
"746",2018-10-30,"Mushima (New port)","NEP",4.97562114680861,10
"747",2018-10-31,"Mushima (Old port)","NEP",3.92334604321842,10
"748",2018-10-31,"Mushima (New port)","NEP",6.14541500853427,10
"749",2018-11-01,"Mushima (Old port)","NEP",6.38845581174863,11
"750",2018-11-01,"Mushima (New port)","NEP",7.620816815753,11
"751",2018-11-02,"Mushima (Old port)","NEP",7.85452636164408,11
"752",2018-11-02,"Mushima (New port)","NEP",7.6301119447777,11
"753",2018-11-03,"Mushima (Old port)","NEP",7.53764988201144,11
"754",2018-11-03,"Mushima (New port)","NEP",4.83965359852423,11
"755",2018-11-04,"Mushima (Old port)","NEP",9.27961366441732,11
"756",2018-11-04,"Mushima (New port)","NEP",9.51958518611384,11
"757",2018-11-05,"Mushima (Old port)","NEP",7.43612077721512,11
"758",2018-11-05,"Mushima (New port)","NEP",6.42767957767276,11
"759",2018-11-06,"Mushima (Old port)","NEP",4.42807960472713,11
"760",2018-11-06,"Mushima (New port)","NEP",7.33811089202341,11
"761",2018-11-07,"Mushima (Old port)","NEP",3.85302925061293,11
"762",2018-11-07,"Mushima (New port)","NEP",5.5302486304587,11
"763",2018-11-08,"Mushima (Old port)","NEP",6.94393728401721,11
"764",2018-11-08,"Mushima (New port)","NEP",2.97321311430654,11
"765",2018-11-09,"Mushima (Old port)","NEP",-0.188906240174092,11
"766",2018-11-09,"Mushima (New port)","NEP",4.35463079986054,11
"767",2018-11-10,"Mushima (Old port)","NEP",4.0259471273103,11
"768",2018-11-10,"Mushima (New port)","NEP",7.43408855312833,11
"769",2018-11-11,"Mushima (Old port)","NEP",3.09195794713357,11
"770",2018-11-11,"Mushima (New port)","NEP",7.09765938202178,11
"771",2018-11-12,"Mushima (Old port)","NEP",3.85053970963156,11
"772",2018-11-12,"Mushima (New port)","NEP",8.95302286019906,11
"773",2018-11-13,"Mushima (Old port)","NEP",3.21964401708552,11
"774",2018-11-13,"Mushima (New port)","NEP",7.29867698590692,11
"775",2018-11-14,"Mushima (Old port)","NEP",4.16019070265428,11
"776",2018-11-14,"Mushima (New port)","NEP",7.64630832816326,11
"777",2018-11-15,"Mushima (Old port)","NEP",5.437614824646,11
"778",2018-11-15,"Mushima (New port)","NEP",7.76357195532196,11
"779",2018-11-16,"Mushima (Old port)","NEP",0.277553723734947,11
"780",2018-11-16,"Mushima (New port)","NEP",3.9034287791555,11
"781",2018-11-17,"Mushima (Old port)","NEP",9.29420266336756,11
"782",2018-11-17,"Mushima (New port)","NEP",7.85240649725782,11
"783",2018-11-18,"Mushima (Old port)","NEP",6.87084059751886,11
"784",2018-11-18,"Mushima (New port)","NEP",5.42557948573386,11
"785",2018-11-19,"Mushima (Old port)","NEP",6.87302517311927,11
"786",2018-11-19,"Mushima (New port)","NEP",5.54145064975486,11
"787",2018-11-22,"Mushima (Old port)","NEP",5.69858180556615,11
"788",2018-11-22,"Mushima (New port)","NEP",7.36065557353349,11
"789",2018-11-23,"Mushima (Old port)","NEP",3.58566674428129,11
"790",2018-11-23,"Mushima (New port)","NEP",6.71340732560566,11
"791",2018-11-24,"Mushima (Old port)","NEP",1.33872481158104,11
"792",2018-11-24,"Mushima (New port)","NEP",6.8810934194472,11
"793",2018-11-25,"Mushima (New port)","NEP",6.0555645442264,11
"794",2018-11-26,"Mushima (Old port)","NEP",2.33716030432429,11
"795",2018-11-26,"Mushima (New port)","NEP",5.78475553931135,11
"796",2018-11-27,"Mushima (Old port)","NEP",1.29401623170811,11
"797",2018-11-27,"Mushima (New port)","NEP",5.68748199007896,11
"798",2018-11-28,"Mushima (Old port)","NEP",5.43387603502588,11
"799",2018-11-28,"Mushima (New port)","NEP",5.42698920906481,11
"800",2018-11-29,"Mushima (Old port)","NEP",4.6398545938553,11
"801",2018-11-29,"Mushima (New port)","NEP",7.05569925875071,11
"802",2018-11-30,"Mushima (New port)","NEP",7.62596559680428,11
"803",2018-12-01,"Mushima (Old port)","NEP",5.84728562092884,12
"804",2018-12-01,"Mushima (New port)","NEP",5.69888468071511,12
"805",2018-12-02,"Mushima (New port)","NEP",4.84160055951133,12
"806",2018-12-03,"Mushima (Old port)","NEP",14.0437456768687,12
"807",2018-12-03,"Mushima (New port)","NEP",6.18989381209722,12
"808",2018-12-04,"Mushima (Old port)","NEP",6.96503446575925,12
"809",2018-12-04,"Mushima (New port)","NEP",5.25609805117444,12
"810",2018-12-05,"Mushima (Old port)","NEP",4.38112360575715,12
"811",2018-12-05,"Mushima (New port)","NEP",7.59922340320607,12
"812",2018-12-06,"Mushima (Old port)","NEP",1.16751313293051,12
"813",2018-12-06,"Mushima (New port)","NEP",5.69839666560146,12
"814",2018-12-07,"Mushima (Old port)","NEP",2.90746051133084,12
"815",2018-12-07,"Mushima (New port)","NEP",3.73252699832705,12
"816",2018-12-08,"Mushima (New port)","NEP",2.72467781422137,12
"817",2018-12-09,"Mushima (Old port)","NEP",1.92405554398967,12
"818",2018-12-09,"Mushima (New port)","NEP",3.64854146504179,12
"819",2018-12-10,"Mushima (Old port)","NEP",2.80473979588436,12
"820",2018-12-10,"Mushima (New port)","NEP",4.20286854580176,12
"821",2018-12-11,"Mushima (Old port)","NEP",1.46892667176957,12
"822",2018-12-11,"Mushima (New port)","NEP",3.75757210028205,12
"823",2018-12-12,"Mushima (Old port)","NEP",6.96547528155023,12
"824",2018-12-12,"Mushima (New port)","NEP",5.4030173913997,12
"825",2018-12-13,"Mushima (Old port)","NEP",2.76549586134678,12
"826",2018-12-14,"Mushima (Old port)","NEP",3.17823948485518,12
"827",2018-12-14,"Mushima (New port)","NEP",3.46002491177089,12
"828",2018-12-15,"Mushima (Old port)","NEP",4.60762303177376,12
"829",2018-12-15,"Mushima (New port)","NEP",6.43791353460266,12
"830",2018-12-16,"Mushima (Old port)","NEP",-1.27583760277084,12
"831",2018-12-16,"Mushima (New port)","NEP",2.65714700492303,12
"832",2018-12-17,"Mushima (Old port)","NEP",5.30195973820824,12
"833",2018-12-18,"Mushima (Old port)","NEP",2.50964795011654,12
"834",2018-12-18,"Mushima (New port)","NEP",3.09633407775678,12
"835",2017-12-23,"Mushima (Old port)","GEP",8.7643581164619,12
"836",2017-12-23,"Mushima (New port)","GEP",21.9609108128641,12
"837",2017-12-24,"Mushima (Old port)","GEP",7.72864374745985,12
"838",2017-12-24,"Mushima (New port)","GEP",9.44792191540238,12
"839",2017-12-25,"Mushima (Old port)","GEP",13.923210784859,12
"840",2017-12-25,"Mushima (New port)","GEP",10.6642759254934,12
"841",2017-12-26,"Mushima (Old port)","GEP",8.08828453395144,12
"842",2017-12-26,"Mushima (New port)","GEP",8.8462864164717,12
"843",2017-12-27,"Mushima (Old port)","GEP",11.6629909241031,12
"844",2017-12-27,"Mushima (New port)","GEP",12.3642647006619,12
"845",2017-12-28,"Mushima (Old port)","GEP",15.7129227834028,12
"846",2017-12-28,"Mushima (New port)","GEP",14.8717024048814,12
"847",2017-12-29,"Mushima (Old port)","GEP",13.1517083014981,12
"848",2017-12-29,"Mushima (New port)","GEP",15.9875473093526,12
"849",2017-12-30,"Mushima (Old port)","GEP",5.82652316869441,12
"850",2017-12-30,"Mushima (New port)","GEP",7.22967933160099,12
"851",2017-12-31,"Mushima (Old port)","GEP",15.4426038487436,12
"852",2017-12-31,"Mushima (New port)","GEP",10.6162945413417,12
"853",2018-01-01,"Mushima (Old port)","GEP",15.5287477416057,1
"854",2018-01-01,"Mushima (New port)","GEP",21.1231409159929,1
"855",2018-01-02,"Mushima (Old port)","GEP",12.8090044594232,1
"856",2018-01-02,"Mushima (New port)","GEP",20.8314870058053,1
"857",2018-01-03,"Mushima (Old port)","GEP",11.9182406065783,1
"858",2018-01-03,"Mushima (New port)","GEP",18.0062886299095,1
"859",2018-01-04,"Mushima (Old port)","GEP",10.7343676581184,1
"860",2018-01-04,"Mushima (New port)","GEP",17.7175602357937,1
"861",2018-01-05,"Mushima (Old port)","GEP",8.09381022983325,1
"862",2018-01-05,"Mushima (New port)","GEP",13.5645696856016,1
"863",2018-01-06,"Mushima (Old port)","GEP",9.35448185622811,1
"864",2018-01-06,"Mushima (New port)","GEP",13.031170776117,1
"865",2018-01-07,"Mushima (Old port)","GEP",7.49659620897429,1
"866",2018-01-07,"Mushima (New port)","GEP",17.3442216806795,1
"867",2018-01-08,"Mushima (New port)","GEP",4.98483268412047,1
"868",2018-01-09,"Mushima (Old port)","GEP",4.088872475861,1
"869",2018-01-10,"Mushima (Old port)","GEP",8.82132167493752,1
"870",2018-01-10,"Mushima (New port)","GEP",8.26446439051403,1
"871",2018-01-11,"Mushima (Old port)","GEP",15.4234545253051,1
"872",2018-01-11,"Mushima (New port)","GEP",11.304133042613,1
"873",2018-01-12,"Mushima (Old port)","GEP",12.5813561861105,1
"874",2018-01-13,"Mushima (Old port)","GEP",9.99170602421806,1
"875",2018-01-13,"Mushima (New port)","GEP",9.65343313505362,1
"876",2018-01-14,"Mushima (Old port)","GEP",20.8427192682307,1
"877",2018-01-14,"Mushima (New port)","GEP",15.0176211837662,1
"878",2018-01-15,"Mushima (Old port)","GEP",11.0706090773177,1
"879",2018-01-15,"Mushima (New port)","GEP",27.5471240976322,1
"880",2018-02-24,"Mushima (New port)","GEP",36.0828365674448,2
"881",2018-02-25,"Mushima (New port)","GEP",32.6475867153073,2
"882",2018-02-26,"Mushima (New port)","GEP",45.8634163250381,2
"883",2018-02-27,"Mushima (New port)","GEP",35.9903611526064,2
"884",2018-02-28,"Mushima (New port)","GEP",6.04698388665348,2
"885",2018-03-01,"Mushima (New port)","GEP",21.0742005493696,3
"886",2018-03-02,"Mushima (New port)","GEP",49.5570033808641,3
"887",2018-03-03,"Mushima (New port)","GEP",20.8296597387338,3
"888",2018-03-04,"Mushima (New port)","GEP",50.7072819648144,3
"889",2018-03-05,"Mushima (New port)","GEP",24.9898999738195,3
"890",2018-03-06,"Mushima (New port)","GEP",29.6568937961201,3
"891",2018-03-07,"Mushima (New port)","GEP",35.1839232505088,3
"892",2018-03-08,"Mushima (New port)","GEP",50.3181737063112,3
"893",2018-03-09,"Mushima (New port)","GEP",20.1226965466652,3
"894",2018-03-10,"Mushima (New port)","GEP",88.4860340033336,3
"895",2018-03-11,"Mushima (New port)","GEP",61.2329097659052,3
"896",2018-03-12,"Mushima (New port)","GEP",45.4079504093789,3
"897",2018-03-13,"Mushima (New port)","GEP",65.3311886699619,3
"898",2018-03-14,"Mushima (New port)","GEP",48.9295867482643,3
"899",2018-03-15,"Mushima (New port)","GEP",26.9131496692384,3
"900",2018-03-16,"Mushima (New port)","GEP",30.4358410380296,3
"901",2018-03-17,"Mushima (New port)","GEP",54.5004216645987,3
"902",2018-03-18,"Mushima (New port)","GEP",63.4656764613215,3
"903",2018-03-19,"Mushima (New port)","GEP",22.4595118302497,3
"904",2018-03-20,"Mushima (New port)","GEP",12.6998796927771,3
"905",2018-03-21,"Mushima (New port)","GEP",23.0036396487314,3
"906",2018-03-22,"Mushima (New port)","GEP",31.1125971575002,3
"907",2018-03-23,"Mushima (New port)","GEP",33.5417645155268,3
"908",2018-03-24,"Mushima (New port)","GEP",41.7754338004282,3
"909",2018-03-25,"Mushima (New port)","GEP",63.6638778302126,3
"910",2018-03-26,"Mushima (New port)","GEP",45.0256985455878,3
"911",2018-03-27,"Mushima (New port)","GEP",48.3738515677651,3
"912",2018-03-28,"Mushima (New port)","GEP",60.6304288333228,3
"913",2018-03-29,"Mushima (New port)","GEP",58.970425692577,3
"914",2018-03-30,"Mushima (New port)","GEP",55.8796732781337,3
"915",2018-03-31,"Mushima (New port)","GEP",77.1636980379167,3
"916",2018-04-01,"Mushima (New port)","GEP",57.4756256546489,4
"917",2018-04-02,"Mushima (New port)","GEP",65.6097099547458,4
"918",2018-04-03,"Mushima (New port)","GEP",74.0121927290302,4
"919",2018-04-04,"Mushima (New port)","GEP",69.8673556336209,4
"920",2018-04-05,"Mushima (New port)","GEP",63.8564248223407,4
"921",2018-04-06,"Mushima (New port)","GEP",53.5284615639819,4
"922",2018-04-07,"Mushima (New port)","GEP",11.2220671796327,4
"923",2018-04-08,"Mushima (New port)","GEP",26.3681118012784,4
"924",2018-04-09,"Mushima (New port)","GEP",35.3618083464573,4
"925",2018-04-10,"Mushima (New port)","GEP",34.0906351054847,4
"926",2018-04-11,"Mushima (New port)","GEP",53.9709309220161,4
"927",2018-04-12,"Mushima (New port)","GEP",46.7420061055044,4
"928",2018-04-13,"Mushima (New port)","GEP",42.1498485203698,4
"929",2018-04-14,"Mushima (New port)","GEP",10.5930507901403,4
"930",2018-04-15,"Mushima (New port)","GEP",33.7591456758783,4
"931",2018-04-20,"Mushima (Old port)","GEP",9.77215071428158,4
"932",2018-04-20,"Mushima (New port)","GEP",90.447107238903,4
"933",2018-04-21,"Mushima (Old port)","GEP",24.0305688150715,4
"934",2018-04-21,"Mushima (New port)","GEP",79.7072006991085,4
"935",2018-04-22,"Mushima (Old port)","GEP",19.2266527260129,4
"936",2018-04-22,"Mushima (New port)","GEP",60.4691656667113,4
"937",2018-04-23,"Mushima (Old port)","GEP",30.8399404326621,4
"938",2018-04-23,"Mushima (New port)","GEP",53.6597237239517,4
"939",2018-04-24,"Mushima (Old port)","GEP",30.9541387704529,4
"940",2018-04-24,"Mushima (New port)","GEP",39.3281377560106,4
"941",2018-04-25,"Mushima (Old port)","GEP",35.7244532105861,4
"942",2018-04-25,"Mushima (New port)","GEP",16.4867599595209,4
"943",2018-04-26,"Mushima (Old port)","GEP",41.8164881083131,4
"944",2018-04-26,"Mushima (New port)","GEP",43.8521628586615,4
"945",2018-04-27,"Mushima (Old port)","GEP",24.6621504769313,4
"946",2018-04-27,"Mushima (New port)","GEP",68.9112351057061,4
"947",2018-04-28,"Mushima (Old port)","GEP",39.0616123699678,4
"948",2018-04-28,"Mushima (New port)","GEP",55.2179065214437,4
"949",2018-04-29,"Mushima (Old port)","GEP",30.721485416149,4
"950",2018-04-29,"Mushima (New port)","GEP",63.9747264416332,4
"951",2018-04-30,"Mushima (Old port)","GEP",39.1699606536002,4
"952",2018-04-30,"Mushima (New port)","GEP",80.6177082449195,4
"953",2018-05-01,"Mushima (Old port)","GEP",43.7960073341333,5
"954",2018-05-01,"Mushima (New port)","GEP",42.4019707670495,5
"955",2018-05-02,"Mushima (Old port)","GEP",5.38387557949527,5
"956",2018-05-02,"Mushima (New port)","GEP",40.1279644847559,5
"957",2018-05-03,"Mushima (New port)","GEP",34.5448711404313,5
"958",2018-05-04,"Mushima (Old port)","GEP",27.7308693045021,5
"959",2018-05-04,"Mushima (New port)","GEP",37.6604344285564,5
"960",2018-05-05,"Mushima (Old port)","GEP",12.0563190850383,5
"961",2018-05-05,"Mushima (New port)","GEP",60.5524514271989,5
"962",2018-05-06,"Mushima (Old port)","GEP",19.2543126387001,5
"963",2018-05-06,"Mushima (New port)","GEP",18.3876682295836,5
"964",2018-05-07,"Mushima (Old port)","GEP",24.0185423634378,5
"965",2018-05-07,"Mushima (New port)","GEP",28.3460146517599,5
"966",2018-05-08,"Mushima (Old port)","GEP",25.714586935122,5
"967",2018-05-08,"Mushima (New port)","GEP",12.0426606094871,5
"968",2018-05-09,"Mushima (Old port)","GEP",36.6451548889791,5
"969",2018-05-09,"Mushima (New port)","GEP",28.7258910078547,5
"970",2018-05-10,"Mushima (Old port)","GEP",30.746553193041,5
"971",2018-05-11,"Mushima (Old port)","GEP",14.7474243849345,5
"972",2018-05-11,"Mushima (New port)","GEP",25.5348823769722,5
"973",2018-05-12,"Mushima (Old port)","GEP",19.7037511083017,5
"974",2018-05-12,"Mushima (New port)","GEP",26.9368631786422,5
"975",2018-05-13,"Mushima (Old port)","GEP",57.5771016731329,5
"976",2018-05-13,"Mushima (New port)","GEP",29.2241556335271,5
"977",2018-05-14,"Mushima (Old port)","GEP",34.7339406527695,5
"978",2018-05-14,"Mushima (New port)","GEP",35.7031673976149,5
"979",2018-05-15,"Mushima (Old port)","GEP",25.8453939319146,5
"980",2018-05-15,"Mushima (New port)","GEP",18.4894809137994,5
"981",2018-06-22,"Mushima (Old port)","GEP",19.0061827382165,6
"982",2018-06-23,"Mushima (Old port)","GEP",30.9389705929873,6
"983",2018-06-24,"Mushima (Old port)","GEP",46.7520420878332,6
"984",2018-06-24,"Mushima (New port)","GEP",32.1676080033097,6
"985",2018-06-26,"Mushima (Old port)","GEP",23.0763608002045,6
"986",2018-06-26,"Mushima (New port)","GEP",43.7032156896777,6
"987",2018-06-27,"Mushima (Old port)","GEP",6.23049579476069,6
"988",2018-06-27,"Mushima (New port)","GEP",62.3342914870644,6
"989",2018-06-28,"Mushima (Old port)","GEP",12.4486099538538,6
"990",2018-06-28,"Mushima (New port)","GEP",67.333399521294,6
"991",2018-06-29,"Mushima (Old port)","GEP",32.0935131612705,6
"992",2018-06-29,"Mushima (New port)","GEP",74.0047825148946,6
"993",2018-06-30,"Mushima (New port)","GEP",70.729360935545,6
"994",2018-07-01,"Mushima (Old port)","GEP",29.9471470849663,7
"995",2018-07-01,"Mushima (New port)","GEP",111.236876147711,7
"996",2018-07-02,"Mushima (Old port)","GEP",7.14206605465525,7
"997",2018-07-02,"Mushima (New port)","GEP",100.7788567355,7
"998",2018-07-03,"Mushima (Old port)","GEP",16.9035985243507,7
"999",2018-07-03,"Mushima (New port)","GEP",16.2382901339285,7
"1000",2018-07-04,"Mushima (Old port)","GEP",25.7278901365078,7
"1001",2018-07-04,"Mushima (New port)","GEP",36.8201819294587,7
"1002",2018-07-05,"Mushima (New port)","GEP",69.9978850951514,7
"1003",2018-07-06,"Mushima (Old port)","GEP",13.8065534746509,7
"1004",2018-07-06,"Mushima (New port)","GEP",47.2788173487135,7
"1005",2018-07-07,"Mushima (Old port)","GEP",14.7984174651407,7
"1006",2018-07-07,"Mushima (New port)","GEP",25.0922018701093,7
"1007",2018-07-08,"Mushima (Old port)","GEP",13.7068927226639,7
"1008",2018-07-08,"Mushima (New port)","GEP",18.4410443332839,7
"1009",2018-07-09,"Mushima (Old port)","GEP",33.2952830198902,7
"1010",2018-07-09,"Mushima (New port)","GEP",76.5959703718377,7
"1011",2018-07-10,"Mushima (Old port)","GEP",34.9404517065013,7
"1012",2018-07-10,"Mushima (New port)","GEP",44.695070482555,7
"1013",2018-07-11,"Mushima (Old port)","GEP",30.399797113787,7
"1014",2018-07-12,"Mushima (Old port)","GEP",14.1604280187903,7
"1015",2018-07-12,"Mushima (New port)","GEP",49.110778233179,7
"1016",2018-07-13,"Mushima (Old port)","GEP",33.027901582068,7
"1017",2018-07-13,"Mushima (New port)","GEP",58.7737200595356,7
"1018",2018-07-14,"Mushima (Old port)","GEP",7.78469703095166,7
"1019",2018-07-14,"Mushima (New port)","GEP",74.3190667169005,7
"1020",2018-07-15,"Mushima (Old port)","GEP",6.11357189972719,7
"1021",2018-07-15,"Mushima (New port)","GEP",37.5555449134723,7
"1022",2018-07-16,"Mushima (Old port)","GEP",6.09339757914438,7
"1023",2018-07-16,"Mushima (New port)","GEP",49.9688385792559,7
"1024",2018-07-17,"Mushima (Old port)","GEP",3.01413282850595,7
"1025",2018-07-17,"Mushima (New port)","GEP",53.7677548415548,7
"1026",2018-07-18,"Mushima (Old port)","GEP",13.554317453307,7
"1027",2018-07-18,"Mushima (New port)","GEP",96.5778260437522,7
"1028",2018-07-19,"Mushima (Old port)","GEP",41.0943600394111,7
"1029",2018-07-19,"Mushima (New port)","GEP",85.7584654087472,7
"1030",2018-07-20,"Mushima (Old port)","GEP",53.2117340993911,7
"1031",2018-07-20,"Mushima (New port)","GEP",103.291676613289,7
"1032",2018-07-23,"Mushima (Old port)","GEP",43.6590516270753,7
"1033",2018-07-26,"Mushima (Old port)","GEP",15.7611984808071,7
"1034",2018-07-26,"Mushima (New port)","GEP",18.307687265759,7
"1035",2018-07-27,"Mushima (Old port)","GEP",12.9355304583251,7
"1036",2018-07-27,"Mushima (New port)","GEP",56.5578251418748,7
"1037",2018-07-28,"Mushima (Old port)","GEP",16.4598726199157,7
"1038",2018-07-28,"Mushima (New port)","GEP",25.6820447678416,7
"1039",2018-07-29,"Mushima (Old port)","GEP",6.19351798967127,7
"1040",2018-07-29,"Mushima (New port)","GEP",10.2462240441144,7
"1041",2018-07-30,"Mushima (Old port)","GEP",14.6522397236795,7
"1042",2018-07-30,"Mushima (New port)","GEP",16.4315672489618,7
"1043",2018-07-31,"Mushima (Old port)","GEP",6.94825787505113,7
"1044",2018-07-31,"Mushima (New port)","GEP",96.467356655578,7
"1045",2018-08-01,"Mushima (Old port)","GEP",13.6956451800248,8
"1046",2018-08-01,"Mushima (New port)","GEP",48.2148933970283,8
"1047",2018-08-02,"Mushima (Old port)","GEP",9.97894356761524,8
"1048",2018-08-02,"Mushima (New port)","GEP",84.0769474865922,8
"1049",2018-08-03,"Mushima (Old port)","GEP",8.48655003986672,8
"1050",2018-08-03,"Mushima (New port)","GEP",73.9226102028452,8
"1051",2018-08-04,"Mushima (Old port)","GEP",24.4415797182418,8
"1052",2018-08-04,"Mushima (New port)","GEP",136.294750205683,8
"1053",2018-08-05,"Mushima (Old port)","GEP",42.5434865512367,8
"1054",2018-08-05,"Mushima (New port)","GEP",100.663125850579,8
"1055",2018-08-06,"Mushima (Old port)","GEP",40.8905903447853,8
"1056",2018-08-06,"Mushima (New port)","GEP",91.7096705492819,8
"1057",2018-08-07,"Mushima (Old port)","GEP",37.0419665997807,8
"1058",2018-08-08,"Mushima (Old port)","GEP",52.7215728204472,8
"1059",2018-08-09,"Mushima (Old port)","GEP",37.7691083200526,8
"1060",2018-08-10,"Mushima (Old port)","GEP",50.3763756383434,8
"1061",2018-08-11,"Mushima (Old port)","GEP",47.7614038677146,8
"1062",2018-08-12,"Mushima (Old port)","GEP",24.2303439070902,8
"1063",2018-08-13,"Mushima (Old port)","GEP",23.6636723524782,8
"1064",2018-08-15,"Mushima (Old port)","GEP",5.18649832888962,8
"1065",2018-08-17,"Mushima (Old port)","GEP",23.0135236267799,8
"1066",2018-08-18,"Mushima (Old port)","GEP",23.4810130353576,8
"1067",2018-08-19,"Mushima (Old port)","GEP",37.5015826129023,8
"1068",2018-08-20,"Mushima (Old port)","GEP",45.9915684444323,8
"1069",2018-08-23,"Mushima (Old port)","GEP",30.4431145672604,8
"1070",2018-08-25,"Mushima (Old port)","GEP",17.1067101118554,8
"1071",2018-08-26,"Mushima (Old port)","GEP",20.6004139862322,8
"1072",2018-08-27,"Mushima (Old port)","GEP",27.6476033337508,8
"1073",2018-08-28,"Mushima (Old port)","GEP",6.37727850988872,8
"1074",2018-08-29,"Mushima (Old port)","GEP",5.5901777204806,8
"1075",2018-08-30,"Mushima (Old port)","GEP",26.5513497488639,8
"1076",2018-09-01,"Mushima (Old port)","GEP",7.08403286088071,9
"1077",2018-09-03,"Mushima (Old port)","GEP",46.4184359556113,9
"1078",2018-09-04,"Mushima (Old port)","GEP",30.3344028971744,9
"1079",2018-09-05,"Mushima (Old port)","GEP",35.1246174931425,9
"1080",2018-09-06,"Mushima (Old port)","GEP",29.2268857392022,9
"1081",2018-09-07,"Mushima (Old port)","GEP",16.7533150424625,9
"1082",2018-09-08,"Mushima (Old port)","GEP",14.64841309501,9
"1083",2018-09-09,"Mushima (Old port)","GEP",14.6631798659623,9
"1084",2018-09-10,"Mushima (Old port)","GEP",13.5439906648411,9
"1085",2018-09-11,"Mushima (Old port)","GEP",8.24375248285388,9
"1086",2018-09-12,"Mushima (Old port)","GEP",7.71129205059639,9
"1087",2018-09-13,"Mushima (Old port)","GEP",6.76128607307007,9
"1088",2018-09-14,"Mushima (Old port)","GEP",14.2058126679503,9
"1089",2018-09-20,"Mushima (Old port)","GEP",44.7071235757314,9
"1090",2018-09-21,"Mushima (Old port)","GEP",14.7943503825297,9
"1091",2018-09-21,"Mushima (New port)","GEP",60.5068313120304,9
"1092",2018-09-22,"Mushima (Old port)","GEP",41.7947224363584,9
"1093",2018-09-22,"Mushima (New port)","GEP",27.0049516606232,9
"1094",2018-09-23,"Mushima (Old port)","GEP",17.3128125734279,9
"1095",2018-09-24,"Mushima (Old port)","GEP",15.5333756232417,9
"1096",2018-09-24,"Mushima (New port)","GEP",11.0799772940357,9
"1097",2018-09-25,"Mushima (Old port)","GEP",13.8349261285639,9
"1098",2018-09-25,"Mushima (New port)","GEP",15.9143865008928,9
"1099",2018-09-26,"Mushima (Old port)","GEP",20.1340099266654,9
"1100",2018-09-26,"Mushima (New port)","GEP",26.2164084792908,9
"1101",2018-09-27,"Mushima (Old port)","GEP",11.6567597774973,9
"1102",2018-09-27,"Mushima (New port)","GEP",24.8181395693935,9
"1103",2018-09-28,"Mushima (Old port)","GEP",12.0383402432778,9
"1104",2018-09-28,"Mushima (New port)","GEP",30.3953863068647,9
"1105",2018-09-30,"Mushima (Old port)","GEP",4.09440066271575,9
"1106",2018-10-01,"Mushima (Old port)","GEP",20.1363043536142,10
"1107",2018-10-01,"Mushima (New port)","GEP",17.3166553505534,10
"1108",2018-10-02,"Mushima (Old port)","GEP",29.0162911323581,10
"1109",2018-10-02,"Mushima (New port)","GEP",57.2683554464852,10
"1110",2018-10-03,"Mushima (Old port)","GEP",10.9606882063433,10
"1111",2018-10-03,"Mushima (New port)","GEP",52.0464191880921,10
"1112",2018-10-04,"Mushima (Old port)","GEP",27.5583544457477,10
"1113",2018-10-04,"Mushima (New port)","GEP",21.2723412638565,10
"1114",2018-10-05,"Mushima (Old port)","GEP",17.1460719376156,10
"1115",2018-10-05,"Mushima (New port)","GEP",29.3337540833041,10
"1116",2018-10-06,"Mushima (Old port)","GEP",2.54517968311651,10
"1117",2018-10-06,"Mushima (New port)","GEP",1.18333478482907,10
"1118",2018-10-07,"Mushima (Old port)","GEP",21.1386912953486,10
"1119",2018-10-07,"Mushima (New port)","GEP",30.403612237303,10
"1120",2018-10-08,"Mushima (Old port)","GEP",28.8075931520008,10
"1121",2018-10-08,"Mushima (New port)","GEP",12.1300262076272,10
"1122",2018-10-09,"Mushima (Old port)","GEP",19.6486591169182,10
"1123",2018-10-09,"Mushima (New port)","GEP",28.5850930151417,10
"1124",2018-10-10,"Mushima (Old port)","GEP",23.5616461738032,10
"1125",2018-10-10,"Mushima (New port)","GEP",15.7149005844453,10
"1126",2018-10-11,"Mushima (Old port)","GEP",15.4760440332971,10
"1127",2018-10-11,"Mushima (New port)","GEP",28.9454961848464,10
"1128",2018-10-12,"Mushima (Old port)","GEP",3.88087093333679,10
"1129",2018-10-12,"Mushima (New port)","GEP",23.868123227892,10
"1130",2018-10-13,"Mushima (Old port)","GEP",12.3135234476029,10
"1131",2018-10-13,"Mushima (New port)","GEP",21.1440206556654,10
"1132",2018-10-14,"Mushima (Old port)","GEP",20.3037441933813,10
"1133",2018-10-14,"Mushima (New port)","GEP",26.386077643576,10
"1134",2018-10-15,"Mushima (Old port)","GEP",16.204617333339,10
"1135",2018-10-15,"Mushima (New port)","GEP",34.6460039698847,10
"1136",2018-10-17,"Mushima (Old port)","GEP",39.4182041146736,10
"1137",2018-10-17,"Mushima (New port)","GEP",28.7666333495757,10
"1138",2018-10-18,"Mushima (Old port)","GEP",34.2289803391485,10
"1139",2018-10-18,"Mushima (New port)","GEP",23.0927418861254,10
"1140",2018-10-19,"Mushima (Old port)","GEP",27.2077999188773,10
"1141",2018-10-19,"Mushima (New port)","GEP",21.7524959772609,10
"1142",2018-10-20,"Mushima (Old port)","GEP",25.382371018744,10
"1143",2018-10-20,"Mushima (New port)","GEP",23.5359919866688,10
"1144",2018-10-21,"Mushima (Old port)","GEP",26.7665216383169,10
"1145",2018-10-21,"Mushima (New port)","GEP",31.2615058220957,10
"1146",2018-10-22,"Mushima (Old port)","GEP",14.1548538652404,10
"1147",2018-10-22,"Mushima (New port)","GEP",29.5088593507524,10
"1148",2018-10-23,"Mushima (Old port)","GEP",44.5813644574333,10
"1149",2018-10-23,"Mushima (New port)","GEP",47.2241915921682,10
"1150",2018-10-24,"Mushima (Old port)","GEP",21.1388409386414,10
"1151",2018-10-24,"Mushima (New port)","GEP",58.9565748788157,10
"1152",2018-10-25,"Mushima (Old port)","GEP",58.109777600203,10
"1153",2018-10-25,"Mushima (New port)","GEP",53.4977619906918,10
"1154",2018-10-26,"Mushima (Old port)","GEP",64.7763139349669,10
"1155",2018-10-26,"Mushima (New port)","GEP",27.5420341379106,10
"1156",2018-10-27,"Mushima (Old port)","GEP",17.469922584909,10
"1157",2018-10-27,"Mushima (New port)","GEP",23.7567126673582,10
"1158",2018-10-28,"Mushima (Old port)","GEP",28.2051660768478,10
"1159",2018-10-28,"Mushima (New port)","GEP",39.1205405514458,10
"1160",2018-10-29,"Mushima (Old port)","GEP",15.8099303310739,10
"1161",2018-10-29,"Mushima (New port)","GEP",24.2998660123074,10
"1162",2018-10-30,"Mushima (Old port)","GEP",13.6848611917196,10
"1163",2018-10-30,"Mushima (New port)","GEP",16.9674922727009,10
"1164",2018-10-31,"Mushima (Old port)","GEP",9.77286170840528,10
"1165",2018-10-31,"Mushima (New port)","GEP",25.7301316396178,10
"1166",2018-11-01,"Mushima (Old port)","GEP",16.8531922232581,11
"1167",2018-11-01,"Mushima (New port)","GEP",20.6669758168104,11
"1168",2018-11-02,"Mushima (Old port)","GEP",23.1978849009011,11
"1169",2018-11-02,"Mushima (New port)","GEP",24.8624508399173,11
"1170",2018-11-03,"Mushima (Old port)","GEP",27.1155838313451,11
"1171",2018-11-03,"Mushima (New port)","GEP",21.9457994002557,11
"1172",2018-11-04,"Mushima (Old port)","GEP",27.3782318036499,11
"1173",2018-11-04,"Mushima (New port)","GEP",30.5489818157746,11
"1174",2018-11-05,"Mushima (Old port)","GEP",23.1910095197466,11
"1175",2018-11-05,"Mushima (New port)","GEP",25.5252081342214,11
"1176",2018-11-06,"Mushima (Old port)","GEP",12.7286571500777,11
"1177",2018-11-06,"Mushima (New port)","GEP",24.2146557575078,11
"1178",2018-11-07,"Mushima (Old port)","GEP",10.9923192952968,11
"1179",2018-11-07,"Mushima (New port)","GEP",24.9762144310173,11
"1180",2018-11-08,"Mushima (Old port)","GEP",17.2356179824751,11
"1181",2018-11-08,"Mushima (New port)","GEP",13.7588279848511,11
"1182",2018-11-09,"Mushima (Old port)","GEP",16.0038686948866,11
"1183",2018-11-09,"Mushima (New port)","GEP",16.2908257554864,11
"1184",2018-11-10,"Mushima (Old port)","GEP",14.1663867538591,11
"1185",2018-11-10,"Mushima (New port)","GEP",23.1324236821476,11
"1186",2018-11-11,"Mushima (Old port)","GEP",11.9057950845967,11
"1187",2018-11-11,"Mushima (New port)","GEP",26.9922188458763,11
"1188",2018-11-12,"Mushima (Old port)","GEP",12.5361035164629,11
"1189",2018-11-12,"Mushima (New port)","GEP",32.9128164510547,11
"1190",2018-11-13,"Mushima (Old port)","GEP",8.34509361967633,11
"1191",2018-11-13,"Mushima (New port)","GEP",25.4331399207994,11
"1192",2018-11-14,"Mushima (Old port)","GEP",14.7918760518962,11
"1193",2018-11-14,"Mushima (New port)","GEP",26.8251496565671,11
"1194",2018-11-15,"Mushima (Old port)","GEP",7.22775595238812,11
"1195",2018-11-15,"Mushima (New port)","GEP",25.952520457705,11
"1196",2018-11-16,"Mushima (Old port)","GEP",6.3604511235206,11
"1197",2018-11-16,"Mushima (New port)","GEP",16.7897902794579,11
"1198",2018-11-17,"Mushima (Old port)","GEP",29.6502370777601,11
"1199",2018-11-17,"Mushima (New port)","GEP",21.5859826035478,11
"1200",2018-11-18,"Mushima (Old port)","GEP",24.4958425541628,11
"1201",2018-11-18,"Mushima (New port)","GEP",42.0985883937825,11
"1202",2018-11-19,"Mushima (Old port)","GEP",18.7960564990086,11
"1203",2018-11-19,"Mushima (New port)","GEP",5.73694419062173,11
"1204",2018-11-22,"Mushima (Old port)","GEP",11.4538260775701,11
"1205",2018-11-22,"Mushima (New port)","GEP",26.5912448227962,11
"1206",2018-11-23,"Mushima (Old port)","GEP",10.4082459519622,11
"1207",2018-11-23,"Mushima (New port)","GEP",27.6371652905285,11
"1208",2018-11-24,"Mushima (Old port)","GEP",3.3792014052727,11
"1209",2018-11-24,"Mushima (New port)","GEP",25.5809549418763,11
"1210",2018-11-25,"Mushima (New port)","GEP",20.0147725729046,11
"1211",2018-11-26,"Mushima (Old port)","GEP",5.26564042176379,11
"1212",2018-11-26,"Mushima (New port)","GEP",18.2798099894738,11
"1213",2018-11-27,"Mushima (Old port)","GEP",3.62723907811565,11
"1214",2018-11-27,"Mushima (New port)","GEP",17.6432376477803,11
"1215",2018-11-28,"Mushima (Old port)","GEP",19.0024929338188,11
"1216",2018-11-28,"Mushima (New port)","GEP",22.6168454873719,11
"1217",2018-11-29,"Mushima (Old port)","GEP",32.7466179425295,11
"1218",2018-11-29,"Mushima (New port)","GEP",15.9346971012804,11
"1219",2018-11-30,"Mushima (New port)","GEP",24.6289049608332,11
"1220",2018-12-01,"Mushima (Old port)","GEP",20.925771076376,12
"1221",2018-12-01,"Mushima (New port)","GEP",23.2190100025684,12
"1222",2018-12-02,"Mushima (New port)","GEP",16.5906576385551,12
"1223",2018-12-03,"Mushima (Old port)","GEP",59.0063237713012,12
"1224",2018-12-03,"Mushima (New port)","GEP",22.8864241977559,12
"1225",2018-12-04,"Mushima (Old port)","GEP",23.8793144121663,12
"1226",2018-12-04,"Mushima (New port)","GEP",9.3009806774349,12
"1227",2018-12-05,"Mushima (Old port)","GEP",10.5178088969051,12
"1228",2018-12-05,"Mushima (New port)","GEP",20.8462634541558,12
"1229",2018-12-06,"Mushima (Old port)","GEP",7.57704710688586,12
"1230",2018-12-06,"Mushima (New port)","GEP",22.2351070327402,12
"1231",2018-12-07,"Mushima (Old port)","GEP",6.00980749824305,12
"1232",2018-12-07,"Mushima (New port)","GEP",9.93824312677611,12
"1233",2018-12-08,"Mushima (New port)","GEP",10.1250772078307,12
"1234",2018-12-09,"Mushima (Old port)","GEP",5.60644170745642,12
"1235",2018-12-09,"Mushima (New port)","GEP",20.219699412514,12
"1236",2018-12-10,"Mushima (Old port)","GEP",7.74887914611,12
"1237",2018-12-10,"Mushima (New port)","GEP",15.9806119082772,12
"1238",2018-12-11,"Mushima (Old port)","GEP",6.11647491558923,12
"1239",2018-12-11,"Mushima (New port)","GEP",16.5085499948576,12
"1240",2018-12-12,"Mushima (Old port)","GEP",22.8875784897637,12
"1241",2018-12-12,"Mushima (New port)","GEP",19.6624477726136,12
"1242",2018-12-13,"Mushima (Old port)","GEP",8.64010163803855,12
"1243",2018-12-14,"Mushima (Old port)","GEP",15.3063393209594,12
"1244",2018-12-14,"Mushima (New port)","GEP",14.3820579027147,12
"1245",2018-12-15,"Mushima (Old port)","GEP",19.7493654049049,12
"1246",2018-12-15,"Mushima (New port)","GEP",16.3215620439744,12
"1247",2018-12-16,"Mushima (Old port)","GEP",4.46532824001292,12
"1248",2018-12-16,"Mushima (New port)","GEP",23.9374436683034,12
"1249",2018-12-17,"Mushima (Old port)","GEP",14.0123839017607,12
"1250",2018-12-18,"Mushima (Old port)","GEP",12.582220899775,12
"1251",2018-12-18,"Mushima (New port)","GEP",13.3415548687011,12
